"order_id","customer_name","age","city","state","country","payment","order_date","delivery_date"
455,Leanna Busson,30,Johnstonhaven,Northern Territory,Australia,24550,"2021-4-4","2021-04-06"
670,Leanna Busson,30,Johnstonhaven,Northern Territory,Australia,10246,"2021-3-6","2021-04-01"
729,Leanna Busson,30,Johnstonhaven,Northern Territory,Australia,35593,"2021-2-18","2021-03-01"
465,Winslow Ewbanck,76,Masonfurt,Queensland,Australia,48935,"2021-5-21","2021-05-23"
595,Susanetta Wilshin,70,Joelburgh,Western Australia,Australia,45626,"2021-3-9","2021-03-29"
560,Michaeline McIndrew,39,Georgeland,Northern Territory,Australia,41952,"2021-5-28","2021-06-05"
134,Fedora Dmych,78,Taylorburgh,South Australia,Australia,39451,"2021-6-19","2021-07-01"
398,Marabel Swinfon,42,Maddisonmouth,Queensland,Australia,31626,"2021-9-28","2021-10-13"
200,Avril Rossiter,34,Kiehnburgh,Western Australia,Australia,50335,"2021-8-24","2021-09-07"
995,Avril Rossiter,34,Kiehnburgh,Western Australia,Australia,43588,"2021-4-14","2021-04-28"
885,Gabbie Aldwinckle,75,New Kai,Victoria,Australia,27561,"2021-10-18","2021-11-13"
191,Chan Duchesne,79,Walterland,New South Wales,Australia,31002,"2021-1-22","2021-02-15"
354,Chan Duchesne,79,Walterland,New South Wales,Australia,33908,"2021-2-26","2021-03-08"
274,Chadwick Cruddas,41,West Bailey,Victoria,Australia,50173,"2021-4-13","2021-04-27"
432,Gigi Kalaher,55,East Audrey,South Australia,Australia,37821,"2021-10-20","2021-11-03"
641,Gigi Kalaher,55,East Audrey,South Australia,Australia,54363,"2021-3-10","2021-03-22"
377,Seana Hearons,31,South Callum,Tasmania,Australia,24815,"2021-5-19","2021-05-28"
616,Seana Hearons,31,South Callum,Tasmania,Australia,28727,"2021-5-13","2021-05-14"
664,Seana Hearons,31,South Callum,Tasmania,Australia,11960,"2021-1-7","2021-01-20"
668,Blayne Sabatier,20,Maxberg,Victoria,Australia,40483,"2021-3-15","2021-03-30"
515,Alair Grimwad,32,North Mia,Tasmania,Australia,20627,"2021-5-23","2021-06-13"
609,Ernaline Luce,75,Olivershire,Victoria,Australia,21514,"2021-4-22","2021-05-08"
550,Timothy Compston,50,New Oliverside,New South Wales,Australia,52719,"2021-8-4","2021-08-09"
748,Jayme Turvie,55,Lake Alanafort,Western Australia,Australia,49811,"2021-5-16","2021-06-06"
208,Hadley Baddam,79,West Noah,Queensland,Australia,39533,"2021-10-10","2021-10-15"
226,Hadley Baddam,79,West Noah,Queensland,Australia,44799,"2021-7-9","2021-07-23"
267,Ninon Corteney,55,Sauerfort,Western Australia,Australia,44791,"2021-9-11","2021-09-12"
844,Adamo Saddington,80,Port Lucas,Queensland,Australia,34733,"2021-9-26","2021-10-18"
948,Adamo Saddington,80,Port Lucas,Queensland,Australia,18783,"2021-8-24","2021-09-02"
732,Regan Gronaller,59,Port Claudia,New South Wales,Australia,40317,"2021-5-9","2021-05-29"
753,Regan Gronaller,59,Port Claudia,New South Wales,Australia,39610,"2021-2-20","2021-02-28"
320,Hana Stitch,65,Port Ella,New South Wales,Australia,19693,"2021-8-22","2021-09-12"
778,Horatius Genever,37,Gabriellatown,Victoria,Australia,19228,"2021-1-24","2021-02-07"
787,Avivah Chipchase,60,Eliburgh,Tasmania,Australia,59055,"2021-7-18","2021-07-31"
932,Vicki Stockwell,27,Leofurt,Australian Capital Territory,Australia,27978,"2021-8-22","2021-08-23"
355,Meris Twitty,68,Bartolettiside,Australian Capital Territory,Australia,33100,"2021-4-14","2021-04-24"
410,Jarrett Brumby,54,Lake Nicholasfurt,Western Australia,Australia,14296,"2021-8-4","2021-08-09"
534,Shanna Pietrzyk,56,Port Alyssa,Queensland,Australia,31586,"2021-9-23","2021-09-26"
553,Shanna Pietrzyk,56,Port Alyssa,Queensland,Australia,16753,"2021-3-6","2021-03-14"
947,Shanna Pietrzyk,56,Port Alyssa,Queensland,Australia,47022,"2021-6-24","2021-07-02"
635,Moore Oolahan,63,East Aidan,Western Australia,Australia,51943,"2021-7-15","2021-08-05"
714,Moore Oolahan,63,East Aidan,Western Australia,Australia,15121,"2021-2-7","2021-02-19"
36,Kayley Brosoli,52,South Evaport,Northern Territory,Australia,32494,"2021-8-22","2021-09-04"
127,Kayley Brosoli,52,South Evaport,Northern Territory,Australia,43262,"2021-4-1","2021-04-11"
479,Kayley Brosoli,52,South Evaport,Northern Territory,Australia,18796,"2021-6-27","2021-07-16"
352,Marena Lockhart,47,Chelseahaven,Victoria,Australia,13270,"2021-10-8","2021-10-10"
575,Tore Caras,62,West Alyssa,Queensland,Australia,27420,"2021-8-14","2021-08-16"
945,Tore Caras,62,West Alyssa,Queensland,Australia,11172,"2021-7-4","2021-07-22"
526,Giles Kyne,45,Lake Phoenixside,South Australia,Australia,10434,"2021-5-16","2021-05-22"
8,Aurie Margett,39,Amelieburgh,New South Wales,Australia,28484,"2021-4-12","2021-05-01"
298,Aurie Margett,39,Amelieburgh,New South Wales,Australia,55984,"2021-9-11","2021-09-20"
507,Aurie Margett,39,Amelieburgh,New South Wales,Australia,29761,"2021-6-20","2021-07-11"
524,Hyacinth Pepper,20,New Callum,Tasmania,Australia,28334,"2021-7-21","2021-08-01"
473,Lin Avraam,65,Samuelland,South Australia,Australia,36137,"2021-5-19","2021-06-12"
212,Denice Ledrane,32,New Beaumouth,Australian Capital Territory,Australia,29887,"2021-10-14","2021-11-08"
884,Denice Ledrane,32,New Beaumouth,Australian Capital Territory,Australia,54659,"2021-8-16","2021-09-08"
1,Annabella Devote,75,Sanfordborough,South Australia,Australia,30811,"2021-8-30","2021-09-24"
75,Willa Gaisford,23,West Justin,Western Australia,Australia,16667,"2021-8-24","2021-09-15"
247,Willa Gaisford,23,West Justin,Western Australia,Australia,39513,"2021-10-19","2021-11-12"
965,Tiphany Peacop,79,East Sofia,Victoria,Australia,14014,"2021-7-24","2021-07-29"
357,Dulcea Shrawley,48,Codyview,Northern Territory,Australia,30735,"2021-2-8","2021-02-13"
937,Marinna Heal,42,Braunhaven,Tasmania,Australia,13216,"2021-6-4","2021-06-25"
809,Jehanna Water,48,Monahanside,South Australia,Australia,26098,"2021-2-11","2021-02-25"
112,Katinka Currier,75,Smythland,South Australia,Australia,46956,"2021-2-4","2021-02-17"
380,Katinka Currier,75,Smythland,South Australia,Australia,13269,"2021-3-22","2021-03-28"
943,Chandra Carine,51,Hellermouth,New South Wales,Australia,26707,"2021-2-22","2021-03-14"
489,Angela Kester,62,Chloeville,South Australia,Australia,28578,"2021-8-30","2021-09-21"
37,Jethro Pollak,38,Lake Alihaven,Northern Territory,Australia,53949,"2021-7-7","2021-07-18"
691,Jethro Pollak,38,Lake Alihaven,Northern Territory,Australia,46697,"2021-4-3","2021-04-19"
527,Persis Spiteri,46,Sofiaberg,Australian Capital Territory,Australia,16864,"2021-9-13","2021-10-09"
570,Lanny Wardale,30,Spencerborough,Western Australia,Australia,19171,"2021-3-9","2021-03-14"
863,Lanny Wardale,30,Spencerborough,Western Australia,Australia,33163,"2021-5-10","2021-05-18"
762,Kayne Fraczkiewicz,40,Walshland,Northern Territory,Australia,25268,"2021-8-13","2021-08-20"
163,Minta Loble,63,Lake Paigemouth,Northern Territory,Australia,11473,"2021-6-12","2021-06-17"
980,Minta Loble,63,Lake Paigemouth,Northern Territory,Australia,57728,"2021-10-19","2021-11-14"
472,Cornie Virr,27,East Chelsea,Northern Territory,Australia,44735,"2021-7-15","2021-07-29"
40,Corinna Maystone,76,Gleasonport,Tasmania,Australia,56657,"2021-1-7","2021-01-19"
249,Corinna Maystone,76,Gleasonport,Tasmania,Australia,47181,"2021-5-13","2021-05-26"
990,Barbara-anne Salerg,53,Savannahland,Northern Territory,Australia,40306,"2021-8-17","2021-09-06"
730,Kendall Jakubski,78,Port Liam,South Australia,Australia,16533,"2021-6-20","2021-07-10"
866,Kendall Jakubski,78,Port Liam,South Australia,Australia,48270,"2021-4-11","2021-04-21"
269,Matthiew Hinckes,51,Lake Hannah,Queensland,Australia,21446,"2021-2-5","2021-02-22"
195,Hillary Guiness,27,Harrismouth,Queensland,Australia,41725,"2021-4-13","2021-04-17"
272,Hillary Guiness,27,Harrismouth,Queensland,Australia,19661,"2021-1-20","2021-01-31"
695,Hillary Guiness,27,Harrismouth,Queensland,Australia,26374,"2021-7-1","2021-07-20"
62,Law Foker,66,Colestad,Queensland,Australia,37952,"2021-7-30","2021-08-13"
401,Otha Skein,46,East Isla,Western Australia,Australia,24512,"2021-8-14","2021-08-24"
314,Pierre Rockwill,33,Port Jordan,Western Australia,Australia,49262,"2021-8-14","2021-08-17"
69,Garvy Davioud,41,Hudsontown,New South Wales,Australia,40619,"2021-3-8","2021-03-28"
362,Garvy Davioud,41,Hudsontown,New South Wales,Australia,21601,"2021-9-30","2021-10-07"
477,Dean McLarty,39,North Ellabury,Northern Territory,Australia,37504,"2021-6-20","2021-06-26"
919,Dean McLarty,39,North Ellabury,Northern Territory,Australia,53662,"2021-6-29","2021-07-21"
324,Benji Vineall,75,Port Madelineberg,Tasmania,Australia,10411,"2021-7-5","2021-07-16"
447,Wilhelm Blaber,69,Lake Callumville,Queensland,Australia,59708,"2021-1-10","2021-01-23"
780,Wilhelm Blaber,69,Lake Callumville,Queensland,Australia,37821,"2021-1-27","2021-01-29"
873,Wilhelm Blaber,69,Lake Callumville,Queensland,Australia,55341,"2021-4-25","2021-05-07"
467,Hurleigh Sieb,32,Port Sarah,Queensland,Australia,23636,"2021-2-24","2021-03-10"
621,Hurleigh Sieb,32,Port Sarah,Queensland,Australia,41563,"2021-7-16","2021-08-07"
852,Hurleigh Sieb,32,Port Sarah,Queensland,Australia,42616,"2021-4-11","2021-05-08"
464,Monica Teodorski,77,South Nathan,South Australia,Australia,26925,"2021-6-29","2021-07-25"
567,Nanny Franey,73,Joelland,Australian Capital Territory,Australia,25661,"2021-6-21","2021-06-23"
97,Rachel Colebrook,38,Stokestown,Australian Capital Territory,Australia,17772,"2021-3-29","2021-03-31"
835,Rachel Colebrook,38,Stokestown,Australian Capital Territory,Australia,34923,"2021-1-2","2021-01-07"
229,Sandy Yushachkov,35,Claudiaview,Western Australia,Australia,15827,"2021-10-8","2021-10-20"
597,Sandy Yushachkov,35,Claudiaview,Western Australia,Australia,22758,"2021-8-4","2021-08-16"
705,Sandy Yushachkov,35,Claudiaview,Western Australia,Australia,11686,"2021-1-14","2021-01-25"
744,Sandy Yushachkov,35,Claudiaview,Western Australia,Australia,23613,"2021-1-25","2021-02-14"
788,Merrill Care,57,Port Rosemouth,Queensland,Australia,18355,"2021-10-8","2021-10-13"
888,Merrill Care,57,Port Rosemouth,Queensland,Australia,38001,"2021-4-20","2021-05-03"
963,Merrill Care,57,Port Rosemouth,Queensland,Australia,18632,"2021-6-18","2021-07-14"
197,Giralda Trewin,65,Bartolettifurt,Western Australia,Australia,23619,"2021-4-30","2021-05-01"
482,Eada Viccary,52,North Edwardshire,Northern Territory,Australia,59910,"2021-8-3","2021-08-09"
291,Hadlee Douthwaite,42,West Hamish,South Australia,Australia,50830,"2021-1-12","2021-02-05"
166,Hew Cardinal,57,North Ruby,South Australia,Australia,11914,"2021-7-11","2021-07-14"
986,Erik Osgar,35,Zacharyborough,Northern Territory,Australia,13431,"2021-8-2","2021-08-15"
972,Alexei Hurburt,75,New Ellieland,Tasmania,Australia,10698,"2021-7-22","2021-08-08"
821,Meghan Simic,57,South Cameron,Australian Capital Territory,Australia,27802,"2021-1-3","2021-01-10"
12,Didi Garton,60,Carterbury,Queensland,Australia,55507,"2021-6-30","2021-07-11"
452,Yardley Dreamer,22,Jordanborough,Tasmania,Australia,50557,"2021-10-9","2021-10-22"
755,Yardley Dreamer,22,Jordanborough,Tasmania,Australia,47937,"2021-4-11","2021-05-06"
926,Yardley Dreamer,22,Jordanborough,Tasmania,Australia,13634,"2021-2-8","2021-02-18"
982,Yardley Dreamer,22,Jordanborough,Tasmania,Australia,33286,"2021-3-30","2021-04-07"
21,Pate De Ambrosis,54,Donnellyfort,New South Wales,Australia,11261,"2021-4-4","2021-04-17"
510,Lesli Pitfield,77,Angelinaville,Tasmania,Australia,47242,"2021-9-29","2021-10-01"
107,Merl Gayforth,30,South Adam,Western Australia,Australia,58760,"2021-1-11","2021-02-03"
938,Daisy Camillo,48,Jacobsland,Northern Territory,Australia,41631,"2021-6-12","2021-06-28"
202,Beatrisa Winterscale,68,Port Harrychester,Western Australia,Australia,49559,"2021-4-15","2021-04-22"
416,Beatrisa Winterscale,68,Port Harrychester,Western Australia,Australia,37878,"2021-10-8","2021-10-25"
935,Beatrisa Winterscale,68,Port Harrychester,Western Australia,Australia,16962,"2021-7-1","2021-07-16"
234,Bette-ann Harteley,49,Shieldsside,Tasmania,Australia,26314,"2021-9-18","2021-10-10"
710,Raul Pockey,64,South Hannah,Victoria,Australia,27729,"2021-2-7","2021-02-08"
548,Mycah Rodie,25,Port Abigail,Western Australia,Australia,19053,"2021-7-17","2021-07-26"
723,Mycah Rodie,25,Port Abigail,Western Australia,Australia,54098,"2021-10-3","2021-10-16"
834,Vida Matchitt,73,Hudsonberg,Australian Capital Territory,Australia,27691,"2021-2-23","2021-03-08"
584,Valerie D'Errico,75,Chelseaview,South Australia,Australia,37030,"2021-6-29","2021-07-01"
738,Elaina Agate,60,Richardshaven,South Australia,Australia,57487,"2021-7-16","2021-08-09"
385,Lawry Mannooch,50,North Kayla,Western Australia,Australia,43155,"2021-8-8","2021-08-24"
936,Ikey Spohr,53,North Scarlettborough,Northern Territory,Australia,47197,"2021-7-16","2021-08-01"
930,Biddy Devanney,26,Harryburgh,Tasmania,Australia,17581,"2021-6-22","2021-06-30"
430,Myrle Kelby,80,Port Sophia,New South Wales,Australia,49272,"2021-2-8","2021-03-01"
611,Myrle Kelby,80,Port Sophia,New South Wales,Australia,56937,"2021-5-1","2021-05-25"
302,Cosmo Leys,24,Kaiberg,Western Australia,Australia,32298,"2021-6-19","2021-07-07"
671,Cosmo Leys,24,Kaiberg,Western Australia,Australia,28194,"2021-6-22","2021-07-08"
61,Ann-marie Sinden,33,Johnschester,New South Wales,Australia,42290,"2021-4-16","2021-04-28"
114,Christi Reston,26,Hicklebury,New South Wales,Australia,49686,"2021-8-8","2021-09-02"
179,Katalin Tellesson,29,Port Jade,Western Australia,Australia,52081,"2021-6-10","2021-06-27"
57,Harrietta Burchatt,20,Port Elliechester,Australian Capital Territory,Australia,41495,"2021-2-27","2021-03-13"
449,Harrietta Burchatt,20,Port Elliechester,Australian Capital Territory,Australia,56294,"2021-10-23","2021-11-09"
547,Harrietta Burchatt,20,Port Elliechester,Australian Capital Territory,Australia,13784,"2021-10-19","2021-10-30"
64,Alayne Ipplett,34,Ellieshire,Australian Capital Territory,Australia,23668,"2021-1-24","2021-02-15"
767,Wald Kaine,72,South Georgia,Western Australia,Australia,51648,"2021-4-28","2021-04-30"
580,Mariellen Medendorp,80,South Gabriel,Western Australia,Australia,26947,"2021-4-30","2021-05-09"
665,Curtis McCarroll,45,Lake Johnchester,New South Wales,Australia,16606,"2021-3-10","2021-03-26"
740,Gunner Murdie,51,Lewiston,Australian Capital Territory,Australia,58226,"2021-2-5","2021-02-10"
253,Leeann Gowdie,52,Callumborough,Queensland,Australia,38502,"2021-9-10","2021-10-02"
316,Leeann Gowdie,52,Callumborough,Queensland,Australia,59876,"2021-9-12","2021-09-20"
22,Nelli Engall,21,Chasemouth,Western Australia,Australia,36088,"2021-5-28","2021-06-09"
68,Nelli Engall,21,Chasemouth,Western Australia,Australia,20552,"2021-2-12","2021-02-18"
480,Nelli Engall,21,Chasemouth,Western Australia,Australia,38248,"2021-7-15","2021-08-05"
84,Puff Newbury,27,Port Joshuaside,Northern Territory,Australia,43438,"2021-8-26","2021-09-20"
367,Puff Newbury,27,Port Joshuaside,Northern Territory,Australia,35564,"2021-2-20","2021-03-19"
633,Martin O'Mailey,44,New Angelina,Queensland,Australia,30197,"2021-7-2","2021-07-13"
812,Martin O'Mailey,44,New Angelina,Queensland,Australia,51668,"2021-7-9","2021-07-13"
840,Martin O'Mailey,44,New Angelina,Queensland,Australia,50682,"2021-6-30","2021-07-08"
448,Darrelle Padson,67,Violetborough,Victoria,Australia,16486,"2021-8-20","2021-08-31"
790,Trenton Lydiard,70,West Isabelton,Queensland,Australia,46050,"2021-5-16","2021-05-27"
265,Deedee Pashe,28,Lake Abigailhaven,Western Australia,Australia,40896,"2021-7-4","2021-07-29"
911,Deedee Pashe,28,Lake Abigailhaven,Western Australia,Australia,58886,"2021-8-23","2021-09-06"
916,Deedee Pashe,28,Lake Abigailhaven,Western Australia,Australia,31001,"2021-10-12","2021-10-19"
245,Isis Doel,76,Grimesstad,Northern Territory,Australia,49443,"2021-5-6","2021-05-10"
504,Tommy Ebunoluwa,63,East Mason,Tasmania,Australia,57782,"2021-1-13","2021-02-08"
54,Tobye De Caville,72,West Baileyville,New South Wales,Australia,13681,"2021-4-25","2021-05-17"
518,Erroll Michelle,25,New Ava,South Australia,Australia,28347,"2021-6-3","2021-06-18"
761,Yevette Weekes,66,Gardenchester,Victoria,Australia,52629,"2021-10-3","2021-10-25"
326,Clayson Mealing,65,Lake Declanland,South Australia,Australia,15380,"2021-6-22","2021-07-01"
288,Loni Tort,58,Joelmouth,Australian Capital Territory,Australia,36160,"2021-10-13","2021-10-16"
658,Loni Tort,58,Joelmouth,Australian Capital Territory,Australia,42131,"2021-5-23","2021-06-05"
537,Angil Crunden,30,Lake Elijah,Australian Capital Territory,Australia,10838,"2021-2-14","2021-03-13"
13,Bird McGarvie,60,East Jakeberg,New South Wales,Australia,57810,"2021-10-15","2021-10-31"
28,Crin Johnikin,66,South Clairetown,Queensland,Australia,29968,"2021-8-19","2021-09-04"
199,Crin Johnikin,66,South Clairetown,Queensland,Australia,58054,"2021-5-17","2021-05-18"
390,Crin Johnikin,66,South Clairetown,Queensland,Australia,57651,"2021-1-20","2021-01-24"
409,Crin Johnikin,66,South Clairetown,Queensland,Australia,15453,"2021-5-3","2021-05-11"
296,Brade Caught,56,Elijahburgh,Queensland,Australia,47076,"2021-10-22","2021-10-25"
644,Brade Caught,56,Elijahburgh,Queensland,Australia,52925,"2021-3-13","2021-03-22"
760,Brade Caught,56,Elijahburgh,Queensland,Australia,14658,"2021-7-9","2021-07-11"
159,Shaylyn Musla,71,Josephland,South Australia,Australia,12449,"2021-9-5","2021-09-13"
103,Lauryn Deport,29,Bayermouth,South Australia,Australia,49852,"2021-6-16","2021-06-24"
347,Lauryn Deport,29,Bayermouth,South Australia,Australia,18829,"2021-5-29","2021-06-14"
955,Lauryn Deport,29,Bayermouth,South Australia,Australia,30609,"2021-1-20","2021-02-05"
739,Rowena Doe,52,Codyfort,New South Wales,Australia,32122,"2021-9-14","2021-09-23"
414,Evelyn Chevolleau,79,Port Logan,Western Australia,Australia,57052,"2021-1-2","2021-01-03"
731,Whitaker Pashen,55,Justinport,Queensland,Australia,44433,"2021-6-21","2021-07-02"
576,Worthington Knapton,78,Lake Lucas,Queensland,Australia,12261,"2021-4-26","2021-05-05"
808,Jerald MacMeeking,44,Connellyport,Tasmania,Australia,50929,"2021-10-13","2021-10-30"
974,Araldo Washtell,43,East Gabriel,Australian Capital Territory,Australia,17928,"2021-1-22","2021-02-18"
512,Saxe Stormonth,51,Lake Owen,South Australia,Australia,21235,"2021-10-13","2021-11-05"
823,Saxe Stormonth,51,Lake Owen,South Australia,Australia,15928,"2021-4-29","2021-05-04"
172,Shelbi Impson,78,Hansenberg,New South Wales,Australia,47514,"2021-1-5","2021-01-27"
619,Monty Gowen,75,Muellerfurt,Queensland,Australia,58688,"2021-2-25","2021-03-04"
715,Monty Gowen,75,Muellerfurt,Queensland,Australia,51678,"2021-10-19","2021-11-12"
481,Isaak Ferrarone,26,South Holly,Tasmania,Australia,17525,"2021-8-20","2021-09-12"
236,Zaria Garken,40,Towneport,Northern Territory,Australia,49109,"2021-7-15","2021-08-08"
711,Zaria Garken,40,Towneport,Northern Territory,Australia,16935,"2021-6-22","2021-07-08"
696,Bourke Pembery,21,Wildermanside,Tasmania,Australia,50224,"2021-9-1","2021-09-27"
973,Kaitlyn Pinare,24,Lake Matilda,Northern Territory,Australia,49214,"2021-9-4","2021-09-24"
625,Beverlie Blance,33,Casperfurt,South Australia,Australia,54080,"2021-7-17","2021-07-28"
217,Duncan Walliker,37,West Zoe,Victoria,Australia,47120,"2021-7-18","2021-07-31"
305,Duncan Walliker,37,West Zoe,Victoria,Australia,13377,"2021-7-9","2021-07-26"
79,Anders Couvert,80,East Sienna,New South Wales,Australia,54340,"2021-3-16","2021-03-25"
178,Anders Couvert,80,East Sienna,New South Wales,Australia,31542,"2021-2-2","2021-02-08"
356,Anders Couvert,80,East Sienna,New South Wales,Australia,34259,"2021-4-1","2021-04-15"
142,Cassaundra Sliman,71,Lake Mollyburgh,New South Wales,Australia,53165,"2021-6-15","2021-07-12"
468,Hilda Peter,30,New Sophie,Tasmania,Australia,56092,"2021-4-15","2021-04-17"
315,Daria Embleton,63,North Sophie,Australian Capital Territory,Australia,18075,"2021-4-5","2021-04-25"
184,Brian Finnes,25,New Codyville,Victoria,Australia,48997,"2021-9-15","2021-09-29"
792,Brian Finnes,25,New Codyville,Victoria,Australia,13672,"2021-7-16","2021-08-12"
181,Valentine Marley,61,New Ava,Queensland,Australia,23142,"2021-1-29","2021-02-13"
713,Valentine Marley,61,New Ava,Queensland,Australia,15915,"2021-7-14","2021-08-09"
461,Faunie Cooney,38,Port Chelseaport,Victoria,Australia,53553,"2021-2-14","2021-02-19"
519,Faunie Cooney,38,Port Chelseaport,Victoria,Australia,23212,"2021-8-23","2021-09-12"
949,Faunie Cooney,38,Port Chelseaport,Victoria,Australia,50347,"2021-2-2","2021-02-17"
328,Lucias Forsythe,40,West Kiara,Tasmania,Australia,26653,"2021-4-14","2021-05-08"
669,Atlante McGrotty,57,Mayerland,Victoria,Australia,17921,"2021-6-18","2021-07-02"
987,Atlante McGrotty,57,Mayerland,Victoria,Australia,30215,"2021-7-13","2021-08-09"
261,Lavina Dartnell,23,Boyleberg,Queensland,Australia,55396,"2021-2-6","2021-03-01"
460,Lavina Dartnell,23,Boyleberg,Queensland,Australia,29924,"2021-6-7","2021-06-17"
85,Jeanne Pringer,78,Wilsonside,Australian Capital Territory,Australia,43533,"2021-3-10","2021-03-22"
751,Scot Billany,44,Beiermouth,Queensland,Australia,47650,"2021-6-20","2021-07-06"
850,Scot Billany,44,Beiermouth,Queensland,Australia,16739,"2021-4-8","2021-04-27"
232,Dulcia Gawthorpe,46,North Lillian,Australian Capital Territory,Australia,44567,"2021-5-2","2021-05-16"
297,Dulcia Gawthorpe,46,North Lillian,Australian Capital Territory,Australia,23789,"2021-6-15","2021-06-27"
98,Trista Aspray,61,Johnstonshire,Australian Capital Territory,Australia,44700,"2021-4-29","2021-05-08"
381,Mira Heinonen,62,South Declan,Queensland,Australia,36550,"2021-4-11","2021-05-03"
793,Mira Heinonen,62,South Declan,Queensland,Australia,39635,"2021-1-27","2021-02-03"
30,Whitney Scarman,27,Trompview,Tasmania,Australia,59350,"2021-7-7","2021-07-26"
704,Whitney Scarman,27,Trompview,Tasmania,Australia,45954,"2021-7-21","2021-07-27"
243,Ringo Sollars,22,West Cameron,Western Australia,Australia,31631,"2021-7-6","2021-07-11"
552,Vite Durrant,40,Port Michael,Queensland,Australia,14653,"2021-1-10","2021-01-17"
776,Ianthe Magowan,52,Lake Laurenview,Tasmania,Australia,44395,"2021-9-2","2021-09-27"
313,Sheff Ruoss,55,Laylabury,New South Wales,Australia,24507,"2021-6-2","2021-06-11"
915,Sheff Ruoss,55,Laylabury,New South Wales,Australia,49775,"2021-4-17","2021-05-04"
205,Lionel Mansel,45,Lukefurt,Western Australia,Australia,23779,"2021-2-3","2021-02-04"
677,Lionel Mansel,45,Lukefurt,Western Australia,Australia,38429,"2021-7-5","2021-07-08"
993,Muire Ashtonhurst,47,West Michael,South Australia,Australia,33479,"2021-3-29","2021-04-11"
437,Rutger Hugonnet,20,New Jadehaven,New South Wales,Australia,42857,"2021-8-25","2021-09-05"
859,Rutger Hugonnet,20,New Jadehaven,New South Wales,Australia,42679,"2021-3-26","2021-04-09"
925,Kendre Etherton,22,New Angelinaberg,Victoria,Australia,47553,"2021-7-16","2021-08-12"
971,Kendre Etherton,22,New Angelinaberg,Victoria,Australia,40173,"2021-8-26","2021-09-12"
92,Dag Schiefersten,46,Noahmouth,Northern Territory,Australia,37239,"2021-1-12","2021-01-30"
683,Silas Chaman,56,Gardenport,Victoria,Australia,59748,"2021-1-1","2021-01-05"
897,Michele Osmant,73,North Josephmouth,Queensland,Australia,46681,"2021-8-26","2021-09-17"
427,Wren Helgass,59,Port Hannahburgh,Australian Capital Territory,Australia,20082,"2021-1-27","2021-02-10"
471,Wren Helgass,59,Port Hannahburgh,Australian Capital Territory,Australia,56849,"2021-7-8","2021-07-10"
511,Wren Helgass,59,Port Hannahburgh,Australian Capital Territory,Australia,43667,"2021-8-22","2021-09-12"
542,Wren Helgass,59,Port Hannahburgh,Australian Capital Territory,Australia,38737,"2021-2-10","2021-02-14"
942,Wren Helgass,59,Port Hannahburgh,Australian Capital Territory,Australia,46279,"2021-6-9","2021-06-10"
446,Jaymee Dalrymple,23,New George,New South Wales,Australia,19398,"2021-3-26","2021-03-30"
439,Gert Brackstone,34,Charlotteville,Queensland,Australia,15329,"2021-8-24","2021-09-06"
214,Matilde Yanuk,24,Reillyfurt,Victoria,Australia,25179,"2021-6-20","2021-07-09"
856,Rafferty Fronek,43,East Kaylabury,Australian Capital Territory,Australia,35823,"2021-1-13","2021-01-22"
583,Alia Rapinett,67,West Siennaland,Tasmania,Australia,54787,"2021-4-7","2021-04-10"
99,Brodie Hedin,43,South Hannah,Tasmania,Australia,26787,"2021-9-13","2021-09-25"
209,Aldin Moline,25,West Aidenview,Victoria,Australia,36341,"2021-5-8","2021-05-20"
827,Aldin Moline,25,West Aidenview,Victoria,Australia,27202,"2021-5-9","2021-06-05"
137,Roobbie Persich,29,Sanfordberg,Queensland,Australia,58875,"2021-10-18","2021-10-20"
18,Anny Midden,32,Lake Amelia,Victoria,Australia,22902,"2021-1-1","2021-01-03"
747,Anny Midden,32,Lake Amelia,Victoria,Australia,22099,"2021-5-11","2021-05-28"
674,Darren Karpenko,24,Hermistonside,Western Australia,Australia,51598,"2021-1-29","2021-02-05"
60,Elga Corgenvin,47,New Sienna,South Australia,Australia,31491,"2021-2-5","2021-02-28"
283,De Lourens,75,North Paige,New South Wales,Australia,14784,"2021-9-4","2021-09-15"
901,Meryl Kender,25,Lake Aidan,Australian Capital Territory,Australia,46735,"2021-5-5","2021-05-06"
839,Silas Stephens,68,West Audreyhaven,Queensland,Australia,42095,"2021-9-16","2021-09-27"
967,Silas Stephens,68,West Audreyhaven,Queensland,Australia,32010,"2021-10-11","2021-11-07"
599,Zeb Shipton,70,West Madison,Northern Territory,Australia,47972,"2021-9-23","2021-10-17"
679,Zeb Shipton,70,West Madison,Northern Territory,Australia,37006,"2021-3-5","2021-03-22"
175,Ulla Crombie,29,Lake Edward,Queensland,Australia,57197,"2021-3-22","2021-04-16"
702,Sharyl Royl,61,Fadelburgh,New South Wales,Australia,31509,"2021-6-23","2021-07-14"
842,Sharyl Royl,61,Fadelburgh,New South Wales,Australia,22552,"2021-1-10","2021-01-29"
699,Constantino Langworthy,25,Fayburgh,Northern Territory,Australia,58950,"2021-1-29","2021-02-12"
256,Courtnay Cornewell,24,South Pipermouth,South Australia,Australia,15452,"2021-8-9","2021-08-12"
177,Jeff Curness,49,East Michaelmouth,Australian Capital Territory,Australia,11314,"2021-8-20","2021-09-01"
861,Jeff Curness,49,East Michaelmouth,Australian Capital Territory,Australia,11565,"2021-5-31","2021-06-20"
975,Sadella Goodsall,67,Christopherside,Northern Territory,Australia,28211,"2021-1-18","2021-01-30"
260,Gates Torrance,48,Miafort,Australian Capital Territory,Australia,56068,"2021-7-13","2021-07-25"
833,Gates Torrance,48,Miafort,Australian Capital Territory,Australia,12955,"2021-3-3","2021-03-20"
325,Glyn Tieman,63,Georgiatown,Western Australia,Australia,18010,"2021-5-11","2021-05-28"
756,Glyn Tieman,63,Georgiatown,Western Australia,Australia,23746,"2021-3-19","2021-03-29"
881,Glyn Tieman,63,Georgiatown,Western Australia,Australia,51945,"2021-2-18","2021-03-10"
152,Dani Pinches,43,Howehaven,Tasmania,Australia,24866,"2021-3-9","2021-03-12"
125,Jena Kelling,44,Kaihaven,New South Wales,Australia,29600,"2021-10-22","2021-11-03"
804,Ellerey Kaesmakers,40,South Jayden,South Australia,Australia,18090,"2021-4-10","2021-04-21"
87,Robinetta Deners,68,West Claudia,South Australia,Australia,32961,"2021-6-20","2021-07-16"
201,Robinetta Deners,68,West Claudia,South Australia,Australia,56321,"2021-5-26","2021-06-18"
431,Robinetta Deners,68,West Claudia,South Australia,Australia,35804,"2021-4-25","2021-05-09"
126,Meade Yglesia,54,New Masonport,Northern Territory,Australia,29536,"2021-1-31","2021-02-20"
673,Meade Yglesia,54,New Masonport,Northern Territory,Australia,34789,"2021-2-5","2021-02-19"
634,Lynda Seydlitz,71,Port Marcusshire,Western Australia,Australia,35370,"2021-10-13","2021-10-23"
703,Lynda Seydlitz,71,Port Marcusshire,Western Australia,Australia,26168,"2021-2-7","2021-02-28"
238,Wadsworth Olivier,59,North Elijahshire,Western Australia,Australia,59828,"2021-3-17","2021-03-27"
659,Wadsworth Olivier,59,North Elijahshire,Western Australia,Australia,45445,"2021-9-30","2021-10-15"
950,Wadsworth Olivier,59,North Elijahshire,Western Australia,Australia,43066,"2021-10-16","2021-10-31"
275,Valery Pache,53,South Claudialand,Western Australia,Australia,17666,"2021-1-5","2021-01-15"
551,Barclay Kinsella,47,Lincolnbury,Victoria,Australia,51823,"2021-9-16","2021-09-18"
138,Binnie Gonzales,32,Aidenton,Northern Territory,Australia,50666,"2021-2-5","2021-02-10"
399,Binnie Gonzales,32,Aidenton,Northern Territory,Australia,57278,"2021-10-21","2021-10-30"
58,Carla Walework,75,East George,Northern Territory,Australia,42861,"2021-2-2","2021-02-10"
889,Carla Walework,75,East George,Northern Territory,Australia,27115,"2021-7-31","2021-08-11"
655,Con Pressdee,57,West Marcus,South Australia,Australia,36298,"2021-5-25","2021-06-06"
366,Udale Ripping,68,New Alyssa,Queensland,Australia,43210,"2021-7-15","2021-07-30"
49,Julian Sponer,35,Port Madison,Australian Capital Territory,Australia,24219,"2021-1-22","2021-02-13"
292,Milton Otson,78,Cooperbury,Western Australia,Australia,36699,"2021-3-26","2021-04-04"
831,Eve Stutard,75,Monahanberg,New South Wales,Australia,17700,"2021-8-4","2021-08-20"
337,Cherlyn Asmus,34,Jasmineville,Victoria,Australia,49047,"2021-8-2","2021-08-04"
387,Cherlyn Asmus,34,Jasmineville,Victoria,Australia,34491,"2021-6-11","2021-06-14"
687,Cherlyn Asmus,34,Jasmineville,Victoria,Australia,39406,"2021-3-30","2021-04-12"
867,Tymothy Linsay,45,Barrowschester,Victoria,Australia,42248,"2021-3-23","2021-04-07"
528,Violet Alwen,47,Lake Charli,Northern Territory,Australia,56020,"2021-9-16","2021-10-07"
996,Merrielle Piken,62,Audreyfurt,Victoria,Australia,37843,"2021-1-13","2021-02-02"
997,Kerianne Parris,40,Olsonbury,Northern Territory,Australia,53831,"2021-1-18","2021-01-31"
544,Lyn Bouts,20,Levihaven,Victoria,Australia,14706,"2021-3-5","2021-03-14"
310,Thorny Nornable,76,Rubyfort,Tasmania,Australia,18372,"2021-4-25","2021-05-15"
342,Thorny Nornable,76,Rubyfort,Tasmania,Australia,29452,"2021-8-24","2021-09-08"
626,Thorny Nornable,76,Rubyfort,Tasmania,Australia,10193,"2021-9-30","2021-10-17"
775,Thorny Nornable,76,Rubyfort,Tasmania,Australia,21561,"2021-6-11","2021-07-05"
841,Thorny Nornable,76,Rubyfort,Tasmania,Australia,39690,"2021-6-29","2021-07-12"
891,Dani Hawtin,23,North Alex,Victoria,Australia,36118,"2021-8-12","2021-08-14"
495,Justin Marden,31,Port Ashtonhaven,Queensland,Australia,41706,"2021-8-10","2021-08-19"
151,Crawford Bolden,41,North Kaylastad,Australian Capital Territory,Australia,24626,"2021-8-8","2021-09-01"
35,Jermaine Goranov,64,Kreigerbury,Northern Territory,Australia,49665,"2021-8-31","2021-09-07"
984,Augustin Brandenberg,28,East Lauren,Victoria,Australia,10390,"2021-9-23","2021-09-30"
883,Iain Fellnee,68,Kingmouth,Northern Territory,Australia,43729,"2021-2-27","2021-03-05"
960,Persis Linch,39,West Zoeberg,Queensland,Australia,32197,"2021-9-19","2021-10-07"
290,Konstantin Kuhlmey,28,Swiftfort,New South Wales,Australia,48707,"2021-8-1","2021-08-16"
851,Tammie Gavrielli,25,Jacobsshire,Tasmania,Australia,15504,"2021-4-23","2021-05-02"
104,Geraldine Naulty,64,Youngview,Victoria,Australia,11454,"2021-6-5","2021-06-23"
333,Hildagarde Dell 'Orto,51,Jasperside,South Australia,Australia,21091,"2021-10-18","2021-11-09"
964,Hildagarde Dell 'Orto,51,Jasperside,South Australia,Australia,22258,"2021-7-8","2021-07-16"
222,Mady Greenleaf,61,South Chelseaton,Australian Capital Territory,Australia,28754,"2021-9-8","2021-10-05"
203,Ephrem Hambers,46,New Stellastad,Australian Capital Territory,Australia,40129,"2021-6-21","2021-07-11"
646,Ephrem Hambers,46,New Stellastad,Australian Capital Territory,Australia,16504,"2021-5-8","2021-05-28"
879,Hildegarde Bamlett,38,Abbottbury,Australian Capital Territory,Australia,37561,"2021-10-11","2021-10-20"
954,Hildegarde Bamlett,38,Abbottbury,Australian Capital Territory,Australia,33703,"2021-3-28","2021-04-15"
453,Etan Peirazzi,63,West Jessica,Queensland,Australia,53761,"2021-8-13","2021-08-22"
617,Etan Peirazzi,63,West Jessica,Queensland,Australia,30281,"2021-8-30","2021-09-07"
263,Griffy Wenger,53,East Sophia,South Australia,Australia,12599,"2021-6-19","2021-07-08"
422,Ninetta Phizakarley,77,Ernserland,Northern Territory,Australia,48025,"2021-3-16","2021-03-26"
826,Ninetta Phizakarley,77,Ernserland,Northern Territory,Australia,32770,"2021-8-16","2021-09-06"
521,Emanuele Deesly,24,Rodriguezbury,Victoria,Australia,35247,"2021-3-17","2021-03-31"
970,Emanuele Deesly,24,Rodriguezbury,Victoria,Australia,36941,"2021-1-4","2021-01-23"
444,Nathanil Runchman,23,South Hannahstad,Victoria,Australia,33452,"2021-3-7","2021-03-26"
875,Nathanil Runchman,23,South Hannahstad,Victoria,Australia,25336,"2021-2-26","2021-02-27"
719,Alameda Fincke,43,Matthewstad,Victoria,Australia,24377,"2021-9-19","2021-09-24"
733,Alameda Fincke,43,Matthewstad,Victoria,Australia,42467,"2021-5-26","2021-06-22"
65,Dame Popov,38,New Mayaburgh,Northern Territory,Australia,22051,"2021-6-26","2021-07-22"
165,Caroljean Elstob,41,Lake Lukeberg,South Australia,Australia,28345,"2021-6-23","2021-07-20"
309,Bee Mazonowicz,36,South Eveshire,Western Australia,Australia,26229,"2021-1-7","2021-01-25"
74,Reed Churchlow,75,North Sophieland,Australian Capital Territory,Australia,39655,"2021-2-23","2021-02-27"
724,Eba Bauser,26,Audreyport,Tasmania,Australia,14883,"2021-3-4","2021-03-28"
929,Collie Jakel,50,Isabellaton,Australian Capital Territory,Australia,19614,"2021-1-31","2021-02-06"
624,Damiano Leyborne,50,Gabrielville,Western Australia,Australia,20149,"2021-3-19","2021-04-08"
51,Ailene McKeller,46,South Logan,Western Australia,Australia,18423,"2021-2-19","2021-02-26"
187,Waylen Swallwell,73,Sarahstad,Western Australia,Australia,15167,"2021-1-10","2021-01-19"
241,Waylen Swallwell,73,Sarahstad,Western Australia,Australia,33692,"2021-7-22","2021-08-17"
549,Waylen Swallwell,73,Sarahstad,Western Australia,Australia,39916,"2021-6-2","2021-06-09"
722,Waylen Swallwell,73,Sarahstad,Western Australia,Australia,20524,"2021-10-24","2021-11-20"
587,Zak Titterton,22,West Cooper,Tasmania,Australia,44323,"2021-9-8","2021-09-11"
605,Zak Titterton,22,West Cooper,Tasmania,Australia,48620,"2021-8-20","2021-09-06"
408,Teddy Gell,79,West Ellaport,Australian Capital Territory,Australia,39757,"2021-1-30","2021-02-15"
227,Paige Uebel,59,Clarkville,Victoria,Australia,36809,"2021-10-23","2021-11-19"
998,Murdock Bulfit,41,Hartmannshire,Queensland,Australia,53308,"2021-5-5","2021-05-21"
899,Alis MacCulloch,66,Lake Haydenton,Australian Capital Territory,Australia,32250,"2021-8-4","2021-08-14"
339,Alphonse Galego,75,New Chase,Australian Capital Territory,Australia,15556,"2021-4-6","2021-04-13"
900,Alphonse Galego,75,New Chase,Australian Capital Territory,Australia,31161,"2021-7-7","2021-07-24"
34,Chandal Fransinelli,21,Hackettchester,South Australia,Australia,36244,"2021-5-23","2021-05-30"
164,Chandal Fransinelli,21,Hackettchester,South Australia,Australia,26249,"2021-5-21","2021-06-03"
295,Chandal Fransinelli,21,Hackettchester,South Australia,Australia,55019,"2021-3-5","2021-03-19"
95,Alexis Maps,25,Morissetteborough,Queensland,Australia,52416,"2021-1-25","2021-02-05"
331,Ansel Chittem,51,North Ivy,Queensland,Australia,38796,"2021-3-18","2021-03-23"
864,Ansel Chittem,51,North Ivy,Queensland,Australia,48691,"2021-3-29","2021-04-17"
96,Ashley Gant,40,Dietrichville,South Australia,Australia,12119,"2021-6-20","2021-06-30"
194,Ashley Gant,40,Dietrichville,South Australia,Australia,21994,"2021-10-23","2021-11-03"
774,Leonore Yakunikov,21,Langworthville,New South Wales,Australia,31076,"2021-6-23","2021-07-13"
805,Leonore Yakunikov,21,Langworthville,New South Wales,Australia,13968,"2021-10-2","2021-10-03"
654,Bay Kraut,57,Fadelland,Tasmania,Australia,40412,"2021-8-18","2021-08-30"
794,Luelle Fernanando,57,North Sebastianberg,Australian Capital Territory,Australia,55757,"2021-4-18","2021-05-08"
921,Luelle Fernanando,57,North Sebastianberg,Australian Capital Territory,Australia,53911,"2021-2-17","2021-02-18"
433,Chaddie Fawlkes,58,West Mackenzie,Queensland,Australia,32215,"2021-8-18","2021-09-02"
190,Kellyann Stening,62,North Baileyside,Australian Capital Territory,Australia,28420,"2021-2-1","2021-02-17"
769,Farah Schukert,34,Feeneymouth,Queensland,Australia,32501,"2021-9-10","2021-10-04"
800,Farah Schukert,34,Feeneymouth,Queensland,Australia,20089,"2021-6-21","2021-06-23"
908,Farah Schukert,34,Feeneymouth,Queensland,Australia,55562,"2021-3-15","2021-04-08"
282,Datha Vicary,32,New Rileybury,South Australia,Australia,41504,"2021-3-30","2021-04-18"
293,Augusto Ackrill,40,South Sophieview,Victoria,Australia,32389,"2021-8-5","2021-08-13"
412,Tomaso Mullin,25,New Ava,Queensland,Australia,25520,"2021-9-23","2021-10-13"
661,Tomaso Mullin,25,New Ava,Queensland,Australia,15302,"2021-9-14","2021-09-17"
795,Tomaso Mullin,25,New Ava,Queensland,Australia,51672,"2021-6-7","2021-06-30"
129,Jammal Varcoe,66,North Liamfort,Australian Capital Territory,Australia,42185,"2021-5-24","2021-05-27"
999,Jammal Varcoe,66,North Liamfort,Australian Capital Territory,Australia,31643,"2021-6-15","2021-07-12"
162,Ronni Gruszczak,41,Jademouth,Victoria,Australia,20238,"2021-4-25","2021-05-05"
428,Ronni Gruszczak,41,Jademouth,Victoria,Australia,48629,"2021-2-24","2021-03-23"
777,Ronni Gruszczak,41,Jademouth,Victoria,Australia,13696,"2021-1-16","2021-02-09"
939,Ettie Gonnely,34,North Cody,Victoria,Australia,24169,"2021-4-2","2021-04-21"
4,Candis Roswarne,46,West Michaelport,Tasmania,Australia,39782,"2021-5-6","2021-05-19"
251,Candis Roswarne,46,West Michaelport,Tasmania,Australia,30132,"2021-7-31","2021-08-27"
318,Candis Roswarne,46,West Michaelport,Tasmania,Australia,39332,"2021-1-31","2021-02-17"
574,Marci Borrett,20,West Amber,Western Australia,Australia,44975,"2021-6-21","2021-07-03"
173,Aldridge Tesh,41,South Tobyton,South Australia,Australia,30001,"2021-6-6","2021-07-01"
784,Meredith Canniffe,41,Port Siennaport,South Australia,Australia,45143,"2021-3-14","2021-04-04"
130,Daren Airs,75,West Thomas,Victoria,Australia,12827,"2021-6-20","2021-07-15"
545,Daren Airs,75,West Thomas,Victoria,Australia,53117,"2021-6-21","2021-07-02"
647,Daren Airs,75,West Thomas,Victoria,Australia,10912,"2021-2-6","2021-02-11"
905,Daren Airs,75,West Thomas,Victoria,Australia,57884,"2021-1-11","2021-01-23"
5,Artemas Vasilischev,53,South Rileyview,Western Australia,Australia,14719,"2021-3-23","2021-03-24"
454,Artemas Vasilischev,53,South Rileyview,Western Australia,Australia,40423,"2021-3-29","2021-04-12"
565,Hobie Anfusso,26,Port Chloe,New South Wales,Australia,34458,"2021-2-25","2021-03-15"
27,Melodee Spencley,49,Crooksshire,Victoria,Australia,35513,"2021-5-16","2021-05-28"
171,Melodee Spencley,49,Crooksshire,Victoria,Australia,19467,"2021-9-14","2021-09-16"
746,Margret Yeabsley,44,Macdonaldchester,Victoria,Australia,24804,"2021-6-19","2021-06-27"
785,Margret Yeabsley,44,Macdonaldchester,Victoria,Australia,52702,"2021-3-22","2021-04-02"
397,Benny Songist,47,North Lukeshire,Tasmania,Australia,33872,"2021-2-3","2021-02-22"
896,Benny Songist,47,North Lukeshire,Tasmania,Australia,46213,"2021-3-14","2021-03-31"
726,Shena Solomonides,68,Zacshire,New South Wales,Australia,28356,"2021-9-15","2021-10-05"
89,Ashely Inmett,61,Liamton,Queensland,Australia,29268,"2021-10-22","2021-11-16"
456,Devonne Martinetto,59,West Lucy,New South Wales,Australia,53893,"2021-6-28","2021-07-20"
478,Toddie Snow,27,Scottview,New South Wales,Australia,17279,"2021-10-15","2021-10-23"
737,Guthry Ure,35,Kreigerberg,Tasmania,Australia,30264,"2021-5-26","2021-05-30"
50,Abey Bampforth,28,Port Isabellafurt,New South Wales,Australia,50310,"2021-9-16","2021-09-18"
682,Abey Bampforth,28,Port Isabellafurt,New South Wales,Australia,11469,"2021-2-28","2021-03-18"
946,Wash Kyneton,60,Lake Sienna,Northern Territory,Australia,33414,"2021-4-20","2021-05-13"
105,Joelynn Remington,33,West Lachlan,Queensland,Australia,46013,"2021-6-25","2021-07-14"
666,Joelynn Remington,33,West Lachlan,Queensland,Australia,36112,"2021-8-25","2021-09-11"
248,North Diamond,27,Charlotteborough,Victoria,Australia,29329,"2021-1-15","2021-01-20"
845,North Diamond,27,Charlotteborough,Victoria,Australia,11229,"2021-4-25","2021-05-22"
386,Romy Cuberley,42,Mayaview,Queensland,Australia,34948,"2021-2-14","2021-03-03"
631,Frederich Duigenan,31,Ellashire,Victoria,Australia,30101,"2021-4-14","2021-05-08"
182,Alina Strotton,54,West Chasemouth,Australian Capital Territory,Australia,33720,"2021-2-22","2021-03-04"
396,Alina Strotton,54,West Chasemouth,Australian Capital Territory,Australia,57491,"2021-2-26","2021-03-03"
819,Alina Strotton,54,West Chasemouth,Australian Capital Territory,Australia,48601,"2021-1-19","2021-01-22"
150,Francklyn Willeman,45,D'amoreborough,South Australia,Australia,34428,"2021-6-22","2021-06-27"
681,Iago Jedrzaszkiewicz,58,Lake Mikaylashire,Australian Capital Territory,Australia,53576,"2021-10-10","2021-10-19"
977,Iago Jedrzaszkiewicz,58,Lake Mikaylashire,Australian Capital Territory,Australia,19220,"2021-4-23","2021-05-06"
720,Mallory Castellani,38,Williammouth,Victoria,Australia,33029,"2021-3-12","2021-03-23"
781,Mallory Castellani,38,Williammouth,Victoria,Australia,44121,"2021-8-21","2021-09-11"
898,Mallory Castellani,38,Williammouth,Victoria,Australia,51868,"2021-6-30","2021-07-04"
909,Mallory Castellani,38,Williammouth,Victoria,Australia,34050,"2021-7-18","2021-08-09"
39,Vinnie Feaver,28,North Justin,South Australia,Australia,23990,"2021-2-26","2021-03-20"
332,Vinnie Feaver,28,North Justin,South Australia,Australia,12799,"2021-3-13","2021-03-14"
379,Cacilie Forrestill,53,O'reillychester,South Australia,Australia,15378,"2021-2-13","2021-02-15"
530,Cacilie Forrestill,53,O'reillychester,South Australia,Australia,20275,"2021-1-7","2021-01-23"
15,Maegan Ashton,67,West Isla,Tasmania,Australia,15488,"2021-9-22","2021-10-08"
24,Faber Purcell,78,Andrewborough,New South Wales,Australia,14566,"2021-9-4","2021-09-20"
180,Faber Purcell,78,Andrewborough,New South Wales,Australia,14617,"2021-5-29","2021-06-22"
271,Faber Purcell,78,Andrewborough,New South Wales,Australia,39282,"2021-6-7","2021-06-09"
383,Faber Purcell,78,Andrewborough,New South Wales,Australia,36564,"2021-9-8","2021-09-14"
76,Trudey Betteridge,45,Edwardtown,Western Australia,Australia,22762,"2021-6-18","2021-06-26"
878,Trudey Betteridge,45,Edwardtown,Western Australia,Australia,50578,"2021-3-31","2021-04-20"
123,Hayyim Trewhella,31,Boyerland,New South Wales,Australia,17133,"2021-3-4","2021-03-22"
571,Hal Saker,57,Parisianmouth,Queensland,Australia,23645,"2021-2-2","2021-02-10"
786,Hal Saker,57,Parisianmouth,Queensland,Australia,51344,"2021-5-2","2021-05-08"
2,Lori Briars,61,Annaton,South Australia,Australia,50490,"2021-2-3","2021-02-13"
221,Lori Briars,61,Annaton,South Australia,Australia,49366,"2021-8-3","2021-08-17"
712,Clem Margetts,21,New Matildaville,South Australia,Australia,11718,"2021-8-18","2021-08-29"
791,Orton Heigl,64,West Jackfort,South Australia,Australia,51003,"2021-5-5","2021-05-21"
351,Krystle Boyce,71,Lake Lillyville,Northern Territory,Australia,37332,"2021-5-2","2021-05-04"
572,Dunc Swynley,20,Mullerberg,Western Australia,Australia,34112,"2021-1-1","2021-01-06"
657,Dunc Swynley,20,Mullerberg,Western Australia,Australia,31922,"2021-7-22","2021-07-28"
420,Stanley Kolakowski,63,East Joshua,Queensland,Australia,25541,"2021-2-22","2021-03-19"
335,Gayleen Brookes,46,Port Lily,Australian Capital Territory,Australia,51638,"2021-9-30","2021-10-24"
365,Gayleen Brookes,46,Port Lily,Australian Capital Territory,Australia,37396,"2021-4-14","2021-04-25"
502,Gayleen Brookes,46,Port Lily,Australian Capital Territory,Australia,57115,"2021-2-18","2021-03-07"
612,Alexis Cheake,66,Port Lillian,Northern Territory,Australia,31877,"2021-5-10","2021-05-12"
281,Isahella Enrique,59,West Phoenix,New South Wales,Australia,19908,"2021-7-3","2021-07-15"
457,Bank Sargeaunt,57,Mollyland,New South Wales,Australia,52472,"2021-3-4","2021-03-12"
541,Bank Sargeaunt,57,Mollyland,New South Wales,Australia,29630,"2021-8-20","2021-08-22"
865,Bank Sargeaunt,57,Mollyland,New South Wales,Australia,24343,"2021-7-27","2021-07-30"
115,Jolee Stailey,62,Josephmouth,Queensland,Australia,12685,"2021-4-11","2021-04-22"
604,Jolee Stailey,62,Josephmouth,Queensland,Australia,21635,"2021-7-20","2021-08-13"
52,Andrew Renn,63,Port Natalie,Victoria,Australia,32155,"2021-10-6","2021-10-29"
405,Andrew Renn,63,Port Natalie,Victoria,Australia,51471,"2021-8-9","2021-08-12"
991,Andrew Renn,63,Port Natalie,Victoria,Australia,17535,"2021-1-9","2021-01-16"
988,John Panchen,32,Evansburgh,South Australia,Australia,27204,"2021-2-4","2021-02-16"
174,Claudio Archibould,31,North Aidentown,Northern Territory,Australia,46769,"2021-2-22","2021-03-17"
230,Claudio Archibould,31,North Aidentown,Northern Territory,Australia,54581,"2021-8-31","2021-09-18"
294,Henrietta Briatt,24,New Hannah,Australian Capital Territory,Australia,50667,"2021-8-28","2021-09-15"
149,Carlen Kelway,78,Port Haydenchester,Western Australia,Australia,31490,"2021-3-3","2021-03-14"
579,Archibaldo Taffurelli,73,Kiehnchester,Tasmania,Australia,15623,"2021-3-28","2021-04-20"
802,Archibaldo Taffurelli,73,Kiehnchester,Tasmania,Australia,52930,"2021-10-5","2021-10-23"
716,Neilla Halladey,34,East Aidan,Australian Capital Territory,Australia,32660,"2021-7-31","2021-08-26"
931,Neilla Halladey,34,East Aidan,Australian Capital Territory,Australia,12528,"2021-6-4","2021-06-19"
67,Marilyn Rontree,56,Emilymouth,Northern Territory,Australia,52694,"2021-5-22","2021-06-17"
557,Marilyn Rontree,56,Emilymouth,Northern Territory,Australia,12905,"2021-4-19","2021-04-24"
516,Eddie Elcott,37,South Hugoberg,Australian Capital Territory,Australia,20934,"2021-5-21","2021-05-26"
423,Brooks Sayers,74,Jaydenside,Victoria,Australia,34107,"2021-6-12","2021-06-21"
394,Jan Isenor,65,West Annaport,Northern Territory,Australia,18584,"2021-9-6","2021-09-10"
116,Kinny Roget,67,Alexandramouth,New South Wales,Australia,15397,"2021-4-25","2021-05-20"
278,Kinny Roget,67,Alexandramouth,New South Wales,Australia,19930,"2021-1-30","2021-02-13"
19,Corri Womack,39,Port Ali,Tasmania,Australia,56754,"2021-8-30","2021-09-10"
211,Joannes Pandie,52,Huelhaven,Australian Capital Territory,Australia,37122,"2021-5-9","2021-05-17"
593,Joannes Pandie,52,Huelhaven,Australian Capital Territory,Australia,30838,"2021-2-21","2021-03-11"
846,Joannes Pandie,52,Huelhaven,Australian Capital Territory,Australia,58585,"2021-9-17","2021-10-10"
951,Joannes Pandie,52,Huelhaven,Australian Capital Territory,Australia,28300,"2021-9-30","2021-10-23"
523,Malcolm Paal,69,South Tylermouth,Northern Territory,Australia,17584,"2021-4-25","2021-05-18"
250,Margalo Cousen,31,Bauchton,Northern Territory,Australia,18564,"2021-3-26","2021-04-03"
284,Ailina Kynan,71,Handborough,South Australia,Australia,36627,"2021-4-29","2021-05-16"
648,Ailina Kynan,71,Handborough,South Australia,Australia,43363,"2021-7-16","2021-07-19"
532,Grissel Harteley,22,North Jasperville,Northern Territory,Australia,11590,"2021-9-8","2021-09-20"
822,Beverlie Bansal,80,Port Sebastianland,Queensland,Australia,17615,"2021-9-5","2021-09-12"
215,Ellyn Collacombe,73,Adamsside,Tasmania,Australia,27531,"2021-8-10","2021-08-20"
344,Ellyn Collacombe,73,Adamsside,Tasmania,Australia,44938,"2021-8-16","2021-09-06"
728,Ellyn Collacombe,73,Adamsside,Tasmania,Australia,10662,"2021-8-29","2021-08-30"
53,Cad Dominichetti,63,Lake Madelineton,Western Australia,Australia,10517,"2021-4-22","2021-05-02"
141,Cad Dominichetti,63,Lake Madelineton,Western Australia,Australia,40203,"2021-8-26","2021-09-13"
239,Leroi Weal,63,Lake Rose,Western Australia,Australia,45974,"2021-10-13","2021-11-02"
268,Leroi Weal,63,Lake Rose,Western Australia,Australia,57006,"2021-3-16","2021-04-10"
608,Leroi Weal,63,Lake Rose,Western Australia,Australia,31878,"2021-8-13","2021-08-15"
628,Fanchette Polak,54,Andersonburgh,Tasmania,Australia,20973,"2021-9-8","2021-09-28"
301,Kerry Luto,56,Conroychester,South Australia,Australia,12986,"2021-6-21","2021-06-25"
752,Kerry Luto,56,Conroychester,South Australia,Australia,46911,"2021-10-8","2021-10-12"
83,Beverly Burbridge,45,Krisland,Western Australia,Australia,39729,"2021-6-25","2021-07-01"
304,Beverly Burbridge,45,Krisland,Western Australia,Australia,27293,"2021-4-10","2021-05-03"
402,Beverly Burbridge,45,Krisland,Western Australia,Australia,26681,"2021-3-9","2021-04-04"
136,Sonny Tremollet,78,Port Blake,Queensland,Australia,35331,"2021-9-6","2021-09-08"
140,Sonny Tremollet,78,Port Blake,Queensland,Australia,35025,"2021-4-8","2021-04-13"
334,Sonny Tremollet,78,Port Blake,Queensland,Australia,32277,"2021-5-12","2021-05-23"
119,Jakob Munks,59,Durgantown,Queensland,Australia,19955,"2021-4-29","2021-05-06"
638,Nicky Giuron,57,West Elliestad,Northern Territory,Australia,12781,"2021-10-3","2021-10-17"
121,Barclay Beswick,50,Gleasonburgh,Northern Territory,Australia,27436,"2021-4-21","2021-04-23"
308,Barclay Beswick,50,Gleasonburgh,Northern Territory,Australia,18834,"2021-2-13","2021-03-08"
603,Barclay Beswick,50,Gleasonburgh,Northern Territory,Australia,42922,"2021-8-30","2021-09-04"
956,Barclay Beswick,50,Gleasonburgh,Northern Territory,Australia,19917,"2021-5-18","2021-06-07"
871,Marna Lammerts,22,Sophiafurt,New South Wales,Australia,10888,"2021-9-24","2021-10-08"
280,Theodor Skipton,68,Declanton,South Australia,Australia,20352,"2021-1-7","2021-01-08"
424,Theodor Skipton,68,Declanton,South Australia,Australia,58723,"2021-3-13","2021-03-18"
440,Niels Loadsman,30,Kaiview,New South Wales,Australia,14884,"2021-10-9","2021-10-30"
902,Niels Loadsman,30,Kaiview,New South Wales,Australia,30330,"2021-1-12","2021-01-15"
109,Lisetta Griffin,56,New Benjaminborough,Tasmania,Australia,12707,"2021-4-6","2021-04-29"
220,Kalil Thal,77,Lake Jacobborough,Victoria,Australia,23957,"2021-10-10","2021-10-25"
63,Nessy Kildea,61,West Kai,South Australia,Australia,27577,"2021-2-11","2021-03-08"
368,Nessy Kildea,61,West Kai,South Australia,Australia,15258,"2021-9-2","2021-09-21"
874,Kyle Lowbridge,59,Lake Jesse,Tasmania,Australia,25370,"2021-3-25","2021-04-10"
533,Lizette Lindro,38,Violetfort,South Australia,Australia,28560,"2021-6-4","2021-06-09"
768,Lizette Lindro,38,Violetfort,South Australia,Australia,34334,"2021-9-29","2021-10-16"
877,Lizette Lindro,38,Violetfort,South Australia,Australia,25468,"2021-7-14","2021-08-02"
25,Joy Mirrlees,58,West Rubyland,Queensland,Australia,47075,"2021-7-4","2021-07-08"
132,Joy Mirrlees,58,West Rubyland,Queensland,Australia,10396,"2021-4-17","2021-05-01"
16,Shoshana Redsell,34,North Marcusland,Northern Territory,Australia,36479,"2021-7-7","2021-07-08"
113,Hoebart Edger,73,Hamiltonport,Queensland,Australia,49592,"2021-3-19","2021-04-08"
959,Hoebart Edger,73,Hamiltonport,Queensland,Australia,10777,"2021-1-17","2021-02-10"
161,Melissa Partkya,23,O'keefeton,Tasmania,Australia,45840,"2021-3-22","2021-04-11"
451,Melissa Partkya,23,O'keefeton,Tasmania,Australia,29859,"2021-8-25","2021-09-06"
556,Melissa Partkya,23,O'keefeton,Tasmania,Australia,40530,"2021-7-30","2021-08-01"
847,Melissa Partkya,23,O'keefeton,Tasmania,Australia,43999,"2021-10-19","2021-11-04"
876,Melissa Partkya,23,O'keefeton,Tasmania,Australia,52388,"2021-5-20","2021-05-24"
88,Andi Kettleson,39,East Piper,Northern Territory,Australia,10904,"2021-7-19","2021-08-15"
204,Gallard Mangan,64,Chloeville,Tasmania,Australia,35005,"2021-9-30","2021-10-10"
492,Gallard Mangan,64,Chloeville,Tasmania,Australia,49046,"2021-7-24","2021-08-07"
43,Henryetta Sheffield,35,New Masonstad,New South Wales,Australia,22839,"2021-7-13","2021-08-03"
860,Henryetta Sheffield,35,New Masonstad,New South Wales,Australia,18813,"2021-4-9","2021-05-04"
45,Kristofor Roos,22,Jordanside,Australian Capital Territory,Australia,21738,"2021-5-30","2021-06-21"
188,Kristofor Roos,22,Jordanside,Australian Capital Territory,Australia,41180,"2021-4-10","2021-04-22"
254,Kristofor Roos,22,Jordanside,Australian Capital Territory,Australia,57662,"2021-8-7","2021-09-03"
376,Kristofor Roos,22,Jordanside,Australian Capital Territory,Australia,15454,"2021-7-4","2021-07-17"
474,Kristofor Roos,22,Jordanside,Australian Capital Territory,Australia,17401,"2021-8-19","2021-09-09"
500,Kristofor Roos,22,Jordanside,Australian Capital Territory,Australia,41037,"2021-1-15","2021-01-24"
815,Raquela Swinnard,27,Sanfordton,South Australia,Australia,50066,"2021-5-2","2021-05-17"
106,Atlante Dissman,37,Abbeyshire,South Australia,Australia,12033,"2021-3-9","2021-03-28"
148,Atlante Dissman,37,Abbeyshire,South Australia,Australia,14073,"2021-1-14","2021-01-24"
772,Atlante Dissman,37,Abbeyshire,South Australia,Australia,32936,"2021-6-7","2021-06-27"
176,Ranna Paolillo,53,Zacharybury,Northern Territory,Australia,28185,"2021-9-26","2021-10-04"
496,Ranna Paolillo,53,Zacharybury,Northern Territory,Australia,32782,"2021-6-17","2021-06-27"
688,Ranna Paolillo,53,Zacharybury,Northern Territory,Australia,55980,"2021-3-8","2021-03-29"
857,Hillier Seward,32,Heaneyview,South Australia,Australia,43897,"2021-9-1","2021-09-10"
914,Hillier Seward,32,Heaneyview,South Australia,Australia,36771,"2021-5-9","2021-05-12"
958,Hillier Seward,32,Heaneyview,South Australia,Australia,42170,"2021-6-21","2021-07-01"
240,Riordan Goreway,75,East Marcus,New South Wales,Australia,37612,"2021-1-27","2021-02-01"
373,Fabian Gostage,40,Hackettland,South Australia,Australia,25727,"2021-3-13","2021-04-03"
651,Fabian Gostage,40,Hackettland,South Australia,Australia,39199,"2021-5-22","2021-05-25"
985,Fabian Gostage,40,Hackettland,South Australia,Australia,59558,"2021-2-7","2021-02-09"
564,Prissie Dumelow,52,Leomouth,Northern Territory,Australia,16074,"2021-8-23","2021-09-19"
120,Alicea Momford,23,West Bella,South Australia,Australia,53001,"2021-6-9","2021-06-14"
535,Alicea Momford,23,West Bella,South Australia,Australia,23905,"2021-1-25","2021-02-07"
189,Wenona Stuck,34,Hallhaven,New South Wales,Australia,41543,"2021-7-17","2021-08-08"
892,Wenona Stuck,34,Hallhaven,New South Wales,Australia,21071,"2021-4-9","2021-04-11"
56,Carmita Grundey,35,East Declanside,Queensland,Australia,17149,"2021-1-23","2021-02-18"
622,Carmita Grundey,35,East Declanside,Queensland,Australia,45682,"2021-5-16","2021-06-07"
33,Nicole Cheel,48,West Danieltown,Victoria,Australia,52945,"2021-7-1","2021-07-07"
591,Nicole Cheel,48,West Danieltown,Victoria,Australia,39095,"2021-6-18","2021-07-06"
413,Calhoun Raphael,57,Hoppetown,Queensland,Australia,35487,"2021-10-17","2021-10-31"
707,Calhoun Raphael,57,Hoppetown,Queensland,Australia,25153,"2021-5-12","2021-05-18"
796,Salomo Shuttell,64,North Stephanie,South Australia,Australia,18804,"2021-7-31","2021-08-06"
167,Thomasine Baudet,60,Ameliaview,South Australia,Australia,44269,"2021-6-26","2021-07-18"
933,Thomasine Baudet,60,Ameliaview,South Australia,Australia,55917,"2021-4-28","2021-05-20"
989,Thomasine Baudet,60,Ameliaview,South Australia,Australia,27217,"2021-1-6","2021-01-29"
913,Hi Simenel,80,Lake Michaelbury,South Australia,Australia,16265,"2021-4-3","2021-04-19"
388,Sol Adhams,55,Sebastianbury,South Australia,Australia,34341,"2021-2-12","2021-02-17"
828,Sol Adhams,55,Sebastianbury,South Australia,Australia,32593,"2021-1-9","2021-01-27"
341,Kip Cantwell,54,East Imogen,Western Australia,Australia,13882,"2021-2-7","2021-02-09"
255,Stanleigh Hazelton,25,Hamiltonshire,Western Australia,Australia,16272,"2021-9-26","2021-10-15"
869,Stanleigh Hazelton,25,Hamiltonshire,Western Australia,Australia,11108,"2021-9-25","2021-10-20"
218,Averyl Atthow,53,Calebville,New South Wales,Australia,22309,"2021-7-12","2021-07-20"
425,Averyl Atthow,53,Calebville,New South Wales,Australia,12705,"2021-2-21","2021-03-17"
110,Angie O Mullen,42,North Gracetown,Northern Territory,Australia,15385,"2021-9-2","2021-09-06"
539,Vin Rubenovic,61,New Emilyton,Northern Territory,Australia,55906,"2021-1-3","2021-01-25"
72,Sadye Pes,31,New Jayden,Tasmania,Australia,40072,"2021-3-13","2021-03-16"
559,Conny Chowne,67,West Hayleyhaven,New South Wales,Australia,22094,"2021-3-3","2021-03-15"
563,Conny Chowne,67,West Hayleyhaven,New South Wales,Australia,56965,"2021-7-4","2021-07-16"
588,Leann Kittow,35,Angelinastad,South Australia,Australia,13740,"2021-5-26","2021-06-20"
17,Sherwynd Batsford,45,Samuelside,New South Wales,Australia,51822,"2021-2-9","2021-02-11"
566,Sherwynd Batsford,45,Samuelside,New South Wales,Australia,21778,"2021-7-24","2021-08-10"
620,Sherwynd Batsford,45,Samuelside,New South Wales,Australia,41599,"2021-7-19","2021-08-01"
336,Jacquelin Santostefano.,42,Willowmouth,Queensland,Australia,16829,"2021-5-25","2021-05-28"
48,Phillipe Gatecliffe,35,Jettstad,Australian Capital Territory,Australia,31712,"2021-4-16","2021-04-23"
279,Phillipe Gatecliffe,35,Jettstad,Australian Capital Territory,Australia,51563,"2021-7-25","2021-07-28"
816,Phillipe Gatecliffe,35,Jettstad,Australian Capital Territory,Australia,32362,"2021-2-2","2021-02-06"
855,Phillipe Gatecliffe,35,Jettstad,Australian Capital Territory,Australia,13177,"2021-1-26","2021-02-02"
266,Hort Ridding,57,West Ashley,South Australia,Australia,58746,"2021-3-10","2021-03-20"
378,Hort Ridding,57,West Ashley,South Australia,Australia,37922,"2021-9-29","2021-10-25"
734,Hort Ridding,57,West Ashley,South Australia,Australia,30153,"2021-1-25","2021-01-31"
803,Zorina Rabl,31,Lake Phoebe,Western Australia,Australia,25565,"2021-4-3","2021-04-16"
7,Tann Scothron,64,Walterstad,New South Wales,Australia,37666,"2021-4-5","2021-04-11"
32,Codie Everly,51,Port Christopher,South Australia,Australia,24976,"2021-6-17","2021-07-14"
832,Codie Everly,51,Port Christopher,South Australia,Australia,52583,"2021-9-6","2021-09-27"
224,Frayda Simonini,75,West Sophie,Northern Territory,Australia,20293,"2021-7-7","2021-08-02"
466,Frayda Simonini,75,West Sophie,Northern Territory,Australia,11363,"2021-6-10","2021-07-05"
94,Sigismundo Basek,53,Amberland,Western Australia,Australia,47031,"2021-3-8","2021-03-26"
131,Sigismundo Basek,53,Amberland,Western Australia,Australia,52850,"2021-9-20","2021-09-24"
653,Sigismundo Basek,53,Amberland,Western Australia,Australia,19186,"2021-2-19","2021-03-18"
196,Nicholle Coom,49,New Madisonborough,Victoria,Australia,48990,"2021-10-22","2021-11-16"
338,Nicholle Coom,49,New Madisonborough,Victoria,Australia,12762,"2021-1-26","2021-02-13"
66,Wanids Cudby,49,Davidfurt,Northern Territory,Australia,42774,"2021-8-14","2021-08-22"
562,Darby Jeffries,55,South Anthonyburgh,Northern Territory,Australia,45999,"2021-9-19","2021-10-03"
757,Darby Jeffries,55,South Anthonyburgh,Northern Territory,Australia,45216,"2021-6-3","2021-06-15"
694,Channa Powley,70,East Mackenzietown,South Australia,Australia,56801,"2021-4-17","2021-05-11"
264,Nara Legerwood,24,Abbottburgh,Northern Territory,Australia,55537,"2021-6-13","2021-06-18"
807,Nara Legerwood,24,Abbottburgh,Northern Territory,Australia,47092,"2021-2-17","2021-03-03"
244,Morie Woodfield,58,Lilystad,Western Australia,Australia,18966,"2021-9-2","2021-09-09"
488,Olympia Stobbs,23,Reillyborough,Victoria,Australia,52570,"2021-10-1","2021-10-26"
598,Olympia Stobbs,23,Reillyborough,Victoria,Australia,59393,"2021-6-20","2021-07-05"
118,Tobin Jeffryes,40,Lake Alice,Victoria,Australia,37950,"2021-2-20","2021-02-22"
966,Tobin Jeffryes,40,Lake Alice,Victoria,Australia,28100,"2021-2-25","2021-03-10"
969,Tobin Jeffryes,40,Lake Alice,Victoria,Australia,23565,"2021-5-22","2021-05-25"
198,Uriel Cottingham,49,Lincolnchester,Queensland,Australia,29627,"2021-8-31","2021-09-13"
246,Zebulon Rousel,62,Hamishview,New South Wales,Australia,39230,"2021-6-19","2021-07-16"
463,Zebulon Rousel,62,Hamishview,New South Wales,Australia,19206,"2021-3-16","2021-04-09"
389,Pietro Duling,36,Shieldschester,Tasmania,Australia,42818,"2021-4-20","2021-04-23"
486,Pietro Duling,36,Shieldschester,Tasmania,Australia,10132,"2021-4-27","2021-05-08"
745,Pietro Duling,36,Shieldschester,Tasmania,Australia,13862,"2021-3-21","2021-04-01"
207,Ashlie Godwyn,46,Baileyberg,Western Australia,Australia,57755,"2021-9-25","2021-09-28"
630,Ashlie Godwyn,46,Baileyberg,Western Australia,Australia,39447,"2021-1-12","2021-01-31"
498,Malory Emmison,51,Lake Nicholasfort,Australian Capital Territory,Australia,23201,"2021-7-15","2021-07-23"
870,Malory Emmison,51,Lake Nicholasfort,Australian Capital Territory,Australia,47385,"2021-8-1","2021-08-12"
450,Jaquelyn Dow,38,New Emmastad,South Australia,Australia,12078,"2021-4-30","2021-05-05"
506,Jaquelyn Dow,38,New Emmastad,South Australia,Australia,18355,"2021-9-11","2021-09-27"
607,Jaquelyn Dow,38,New Emmastad,South Australia,Australia,36692,"2021-10-19","2021-11-12"
890,Willey Tolley,74,Schneiderbury,Northern Territory,Australia,54889,"2021-6-21","2021-07-07"
799,Beckie Nasey,61,Evastad,South Australia,Australia,41626,"2021-3-11","2021-04-04"
23,Roley Cassedy,63,North Isabelleside,South Australia,Australia,45711,"2021-5-17","2021-05-22"
853,Pieter Bruton,21,Lachlanstad,Queensland,Australia,28448,"2021-9-27","2021-10-18"
206,Gareth Bindon,42,West Sebastianfort,Victoria,Australia,24189,"2021-6-1","2021-06-16"
375,Jillene Goodbanne,77,Mitchellhaven,South Australia,Australia,19991,"2021-1-20","2021-01-26"
223,Orran Skip,25,Port Eveland,South Australia,Australia,13441,"2021-3-23","2021-03-30"
962,Orran Skip,25,Port Eveland,South Australia,Australia,49485,"2021-2-9","2021-02-18"
10,Ira Dafforne,57,Sophiemouth,Tasmania,Australia,21922,"2021-10-15","2021-10-16"
277,Ira Dafforne,57,Sophiemouth,Tasmania,Australia,48337,"2021-4-5","2021-04-06"
701,Ira Dafforne,57,Sophiemouth,Tasmania,Australia,40717,"2021-8-28","2021-09-10"
765,Slade Villaret,47,Charlesshire,Australian Capital Territory,Australia,27554,"2021-1-15","2021-02-01"
359,Engracia Abilowitz,45,North Beau,Western Australia,Australia,47911,"2021-5-16","2021-05-31"
941,Nerita Peotz,58,Pipershire,Queensland,Australia,56019,"2021-9-30","2021-10-05"
168,Dannie Fidler,32,East Max,Tasmania,Australia,51244,"2021-1-10","2021-01-27"
225,Dannie Fidler,32,East Max,Tasmania,Australia,27059,"2021-10-4","2021-10-26"
546,Dannie Fidler,32,East Max,Tasmania,Australia,42478,"2021-4-29","2021-05-19"
814,Dannie Fidler,32,East Max,Tasmania,Australia,47232,"2021-3-4","2021-03-28"
895,Dannie Fidler,32,East Max,Tasmania,Australia,56830,"2021-7-26","2021-08-15"
718,Jedidiah Sydall,61,Kiehnstad,Australian Capital Territory,Australia,55727,"2021-5-13","2021-05-20"
219,Annice Kelcey,30,New Beau,Victoria,Australia,14137,"2021-1-5","2021-01-10"
887,Bobbi Pickerill,68,Bauchland,Victoria,Australia,10969,"2021-1-27","2021-02-20"
343,Carlynn McCabe,59,New Angelina,South Australia,Australia,37831,"2021-9-17","2021-10-06"
154,Marthena Matterson,36,Goodwinmouth,South Australia,Australia,49994,"2021-10-17","2021-11-07"
725,Marthena Matterson,36,Goodwinmouth,South Australia,Australia,55213,"2021-9-26","2021-10-05"
509,Haslett Edwins,59,Kaylafurt,Northern Territory,Australia,20368,"2021-1-2","2021-01-25"
672,Nady Buston,33,North Mikayla,Tasmania,Australia,59213,"2021-2-12","2021-02-25"
983,Nady Buston,33,North Mikayla,Tasmania,Australia,49941,"2021-7-12","2021-07-14"
213,Dare Andrich,79,East Alex,New South Wales,Australia,37684,"2021-9-14","2021-09-27"
307,Osgood Percifer,76,Cameronton,Western Australia,Australia,17726,"2021-10-11","2021-10-28"
520,Osgood Percifer,76,Cameronton,Western Australia,Australia,13400,"2021-2-4","2021-03-01"
77,Camellia Heatherington,78,Taylorfurt,New South Wales,Australia,56675,"2021-4-19","2021-04-29"
627,Camellia Heatherington,78,Taylorfurt,New South Wales,Australia,19664,"2021-4-3","2021-04-08"
854,Camellia Heatherington,78,Taylorfurt,New South Wales,Australia,55361,"2021-8-10","2021-08-27"
78,Shermy Mulbry,79,West Alyssaton,Victoria,Australia,58179,"2021-5-13","2021-05-29"
613,Alon Abramsky,27,Sofiahaven,Western Australia,Australia,10501,"2021-5-23","2021-06-07"
252,Esteban Hensmans,45,West Finnberg,Australian Capital Territory,Australia,11465,"2021-1-11","2021-02-05"
312,Esteban Hensmans,45,West Finnberg,Australian Capital Territory,Australia,38591,"2021-7-6","2021-07-31"
783,Esteban Hensmans,45,West Finnberg,Australian Capital Territory,Australia,31824,"2021-1-17","2021-01-19"
806,Camala Llywarch,78,Laurenview,Western Australia,Australia,41441,"2021-8-1","2021-08-16"
322,Elbertina Gaish,22,Dickensshire,Victoria,Australia,41400,"2021-8-17","2021-09-12"
708,Amalia Eallis,22,East Ruby,New South Wales,Australia,56307,"2021-10-24","2021-11-10"
42,Arlie Bowman,34,Port Annabelle,Northern Territory,Australia,33993,"2021-7-29","2021-08-02"
499,Arlie Bowman,34,Port Annabelle,Northern Territory,Australia,52749,"2021-10-24","2021-10-26"
615,Arlie Bowman,34,Port Annabelle,Northern Territory,Australia,28680,"2021-1-31","2021-02-10"
421,Silvie Bortol,73,Abigailshire,New South Wales,Australia,24273,"2021-9-28","2021-10-09"
652,Silvie Bortol,73,Abigailshire,New South Wales,Australia,30816,"2021-3-9","2021-03-27"
589,Perceval Umbers,20,Laraview,Tasmania,Australia,11378,"2021-6-25","2021-07-20"
606,Perceval Umbers,20,Laraview,Tasmania,Australia,54506,"2021-1-31","2021-02-08"
442,Hetti Fibbens,45,Beattychester,Queensland,Australia,58324,"2021-3-24","2021-03-30"
596,Hetti Fibbens,45,Beattychester,Queensland,Australia,51828,"2021-6-13","2021-06-27"
749,Hetti Fibbens,45,Beattychester,Queensland,Australia,25016,"2021-9-20","2021-09-24"
475,Miner Craddock,38,Callummouth,Australian Capital Territory,Australia,36229,"2021-5-27","2021-06-01"
717,Miner Craddock,38,Callummouth,Australian Capital Territory,Australia,52327,"2021-3-11","2021-04-05"
692,Antonia Yeardsley,51,Port Cody,Australian Capital Territory,Australia,13501,"2021-6-18","2021-07-05"
779,Cary Boaler,27,New Isaac,Victoria,Australia,39836,"2021-7-7","2021-07-21"
920,Diann Grieger,26,Port Joeltown,South Australia,Australia,27722,"2021-7-26","2021-08-16"
922,Diann Grieger,26,Port Joeltown,South Australia,Australia,36995,"2021-10-10","2021-11-02"
501,Stephen MacAleese,43,Lake Aiden,Northern Territory,Australia,41180,"2021-2-16","2021-02-25"
581,Debee Lording,51,West Olivertown,Western Australia,Australia,35176,"2021-5-9","2021-05-29"
384,Lilli Bavester,65,East Lillyville,Victoria,Australia,39383,"2021-5-27","2021-06-22"
327,Avivah Roddick,60,Kulasville,New South Wales,Australia,11611,"2021-7-28","2021-07-31"
741,Avivah Roddick,60,Kulasville,New South Wales,Australia,31913,"2021-2-3","2021-02-17"
270,Lin Norville,42,Russelstad,Victoria,Australia,14024,"2021-3-2","2021-03-27"
345,Lin Norville,42,Russelstad,Victoria,Australia,17146,"2021-2-14","2021-03-05"
594,Lin Norville,42,Russelstad,Victoria,Australia,22390,"2021-6-14","2021-06-23"
678,Lin Norville,42,Russelstad,Victoria,Australia,57891,"2021-4-28","2021-05-14"
693,Marnie Dennington,50,West Addison,Northern Territory,Australia,28424,"2021-4-29","2021-05-16"
183,Lindsey McCuthais,61,Port Hunter,Tasmania,Australia,51587,"2021-10-6","2021-10-12"
961,Mellisent Druhan,20,Haydenhaven,Victoria,Australia,54557,"2021-3-19","2021-04-15"
210,Drusi Eagell,34,Lake Mitchellbury,Australian Capital Territory,Australia,21903,"2021-7-22","2021-08-18"
824,Etheline Bahde,66,Hoppeville,New South Wales,Australia,51124,"2021-1-4","2021-01-28"
160,Bucky Cragell,23,Gracemouth,Northern Territory,Australia,41442,"2021-7-31","2021-08-06"
391,Rey Grasner,27,Cassinport,Western Australia,Australia,24661,"2021-5-16","2021-06-06"
441,Rey Grasner,27,Cassinport,Western Australia,Australia,13419,"2021-2-28","2021-03-02"
31,Herschel Verdey,26,Jacobport,New South Wales,Australia,15722,"2021-3-11","2021-04-05"
153,Herschel Verdey,26,Jacobport,New South Wales,Australia,49677,"2021-10-21","2021-11-17"
156,Herschel Verdey,26,Jacobport,New South Wales,Australia,37878,"2021-7-10","2021-07-29"
371,Herschel Verdey,26,Jacobport,New South Wales,Australia,28931,"2021-8-29","2021-09-15"
395,Kellie Curbishley,51,Lake Matildaville,Western Australia,Australia,24101,"2021-3-26","2021-04-02"
369,Gerri McCarle,54,Cameronport,South Australia,Australia,24488,"2021-3-26","2021-04-18"
417,Gerri McCarle,54,Cameronport,South Australia,Australia,45024,"2021-9-14","2021-10-11"
558,Gerri McCarle,54,Cameronport,South Australia,Australia,45726,"2021-3-2","2021-03-18"
231,Olimpia Tankus,39,North Jessica,Western Australia,Australia,58824,"2021-3-20","2021-04-09"
26,Gorden Seago,80,Port Aaronton,Queensland,Australia,15964,"2021-4-25","2021-05-04"
122,Gorden Seago,80,Port Aaronton,Queensland,Australia,29226,"2021-4-13","2021-05-04"
348,Gorden Seago,80,Port Aaronton,Queensland,Australia,42741,"2021-10-7","2021-10-28"
614,Gorden Seago,80,Port Aaronton,Queensland,Australia,35663,"2021-4-18","2021-05-03"
953,Otto Matyasik,67,East Benjamin,New South Wales,Australia,28033,"2021-4-18","2021-04-26"
610,Valentino Branney,46,Port Alanamouth,Queensland,Australia,27821,"2021-8-4","2021-08-31"
81,Delia Mably,55,Doylebury,Victoria,Australia,30150,"2021-6-13","2021-06-15"
573,Delia Mably,55,Doylebury,Victoria,Australia,40227,"2021-1-2","2021-01-09"
934,Delia Mably,55,Doylebury,Victoria,Australia,23252,"2021-4-3","2021-04-21"
505,Zebulen Zannotti,60,Harveyside,Tasmania,Australia,37947,"2021-8-17","2021-08-27"
667,Zebulen Zannotti,60,Harveyside,Tasmania,Australia,48958,"2021-3-23","2021-03-28"
910,Lilyan Pirt,55,Hollyfort,Northern Territory,Australia,14581,"2021-1-27","2021-02-06"
346,Kristel Klaaassen,57,East Matthewville,New South Wales,Australia,35045,"2021-3-23","2021-04-06"
436,Kristel Klaaassen,57,East Matthewville,New South Wales,Australia,47040,"2021-8-17","2021-09-10"
650,Kristel Klaaassen,57,East Matthewville,New South Wales,Australia,42938,"2021-1-2","2021-01-15"
494,Meryl Neeson,73,Port Molly,Tasmania,Australia,37675,"2021-7-31","2021-08-15"
514,Meryl Neeson,73,Port Molly,Tasmania,Australia,13918,"2021-7-12","2021-07-22"
957,Meryl Neeson,73,Port Molly,Tasmania,Australia,47132,"2021-8-20","2021-08-30"
258,Selestina Dauber,44,Port Aliview,Western Australia,Australia,38266,"2021-10-21","2021-11-13"
483,Selestina Dauber,44,Port Aliview,Western Australia,Australia,26333,"2021-3-15","2021-03-20"
531,Selestina Dauber,44,Port Aliview,Western Australia,Australia,26445,"2021-1-14","2021-02-08"
419,Lindy Saltrese,31,North Matthewfort,Northern Territory,Australia,19518,"2021-10-20","2021-11-10"
306,Cristen Hagley,25,Lake Gabriella,Victoria,Australia,51492,"2021-10-16","2021-10-19"
742,Mirabelle Vaney,42,Baumbachton,Victoria,Australia,51184,"2021-10-21","2021-11-01"
917,Mirabelle Vaney,42,Baumbachton,Victoria,Australia,15620,"2021-1-2","2021-01-12"
429,Ninnetta Lammin,74,Lake Jesse,New South Wales,Australia,23238,"2021-2-8","2021-02-22"
538,Ninnetta Lammin,74,Lake Jesse,New South Wales,Australia,11543,"2021-1-4","2021-01-26"
735,Ninnetta Lammin,74,Lake Jesse,New South Wales,Australia,39820,"2021-10-3","2021-10-16"
721,Herbert Rock,79,West Aaron,New South Wales,Australia,59414,"2021-8-28","2021-09-04"
458,Taffy Quimby,31,East Xavier,New South Wales,Australia,13142,"2021-10-21","2021-11-10"
476,Taffy Quimby,31,East Xavier,New South Wales,Australia,42157,"2021-10-7","2021-11-02"
569,Taffy Quimby,31,East Xavier,New South Wales,Australia,16594,"2021-3-16","2021-04-06"
303,Mallissa Lawdham,44,East Madison,New South Wales,Australia,58670,"2021-9-2","2021-09-11"
750,Mallissa Lawdham,44,East Madison,New South Wales,Australia,58084,"2021-2-19","2021-03-01"
522,Jan Gligori,52,West Aidanton,Victoria,Australia,35937,"2021-3-19","2021-04-05"
789,Eloise Ondrusek,43,South Codyhaven,Tasmania,Australia,35084,"2021-10-11","2021-11-03"
561,Brod Phifer,32,Hettingerfort,Western Australia,Australia,42366,"2021-2-15","2021-03-13"
811,Brod Phifer,32,Hettingerfort,Western Australia,Australia,23731,"2021-10-22","2021-10-24"
968,Marni Figiovanni,59,Eveside,New South Wales,Australia,32223,"2021-3-14","2021-04-03"
235,Waylin Gasson,37,West Kai,South Australia,Australia,23434,"2021-9-28","2021-10-12"
529,Waylin Gasson,37,West Kai,South Australia,Australia,31199,"2021-1-10","2021-01-19"
923,Waylin Gasson,37,West Kai,South Australia,Australia,28421,"2021-7-5","2021-07-26"
810,Aida Warsap,52,Port Isabel,Northern Territory,Australia,37440,"2021-3-22","2021-04-04"
462,Sigmund Bothen,21,West Grace,Australian Capital Territory,Australia,44429,"2021-1-31","2021-02-20"
543,Sigmund Bothen,21,West Grace,Australian Capital Territory,Australia,12692,"2021-7-28","2021-08-09"
992,Thorsten Sowrey,50,Port Isabelle,South Australia,Australia,53679,"2021-7-23","2021-08-14"
411,Paul McGavigan,74,Kuhntown,Victoria,Australia,38909,"2021-3-17","2021-04-08"
540,Marlee Edser,71,Oscarberg,South Australia,Australia,37955,"2021-3-21","2021-03-30"
709,Marlee Edser,71,Oscarberg,South Australia,Australia,36257,"2021-6-17","2021-07-13"
228,Paxon O'Shiel,55,Thomasborough,New South Wales,Australia,10857,"2021-1-6","2021-01-17"
3,Ellynn Korba,34,West Jonathanshire,Tasmania,Australia,46763,"2021-10-8","2021-11-03"
353,Ellynn Korba,34,West Jonathanshire,Tasmania,Australia,46198,"2021-3-30","2021-04-05"
944,Ellynn Korba,34,West Jonathanshire,Tasmania,Australia,27648,"2021-7-17","2021-08-09"
276,Edee Wildt,56,East Charlesfurt,Northern Territory,Australia,48376,"2021-6-20","2021-06-24"
124,Felice Dumbleton,24,Harveyville,Australian Capital Territory,Australia,43888,"2021-7-6","2021-07-15"
426,Felice Dumbleton,24,Harveyville,Australian Capital Territory,Australia,32793,"2021-9-26","2021-10-16"
643,Chastity Daniaud,20,Blakemouth,Northern Territory,Australia,50321,"2021-5-18","2021-05-24"
754,Chastity Daniaud,20,Blakemouth,Northern Territory,Australia,43858,"2021-6-30","2021-07-23"
976,Chastity Daniaud,20,Blakemouth,Northern Territory,Australia,11014,"2021-10-15","2021-11-04"
912,Cinda Alleyne,55,Caitlinview,Victoria,Australia,48097,"2021-8-23","2021-09-09"
758,Denny Parlour,36,Madisonland,Victoria,Australia,24144,"2021-3-27","2021-04-21"
491,Gusty Smallacombe,49,North Avabury,South Australia,Australia,10074,"2021-2-24","2021-03-18"
568,Gusty Smallacombe,49,North Avabury,South Australia,Australia,49427,"2021-1-9","2021-01-22"
582,Gusty Smallacombe,49,North Avabury,South Australia,Australia,31116,"2021-9-3","2021-09-18"
11,Jillana Blankau,54,Port Adamburgh,Northern Territory,Australia,36624,"2021-6-15","2021-06-30"
924,Lorine McLugish,23,Graceville,New South Wales,Australia,43116,"2021-4-4","2021-04-18"
660,Sharl Izzett,31,Davidshire,South Australia,Australia,48757,"2021-8-16","2021-08-25"
825,Sharl Izzett,31,Davidshire,South Australia,Australia,13832,"2021-1-27","2021-02-22"
700,Gwenette Kahen,71,Phoebeberg,Queensland,Australia,55928,"2021-7-1","2021-07-26"
20,Bone Perche,36,Aliceland,Western Australia,Australia,45129,"2021-1-13","2021-01-20"
903,Bone Perche,36,Aliceland,Western Australia,Australia,21721,"2021-1-5","2021-01-21"
41,Drake Ivanilov,67,Nathanfort,Australian Capital Territory,Australia,53386,"2021-1-3","2021-01-09"
47,Jojo Toffanini,34,Elijahshire,Queensland,Australia,35453,"2021-4-21","2021-04-23"
382,Jojo Toffanini,34,Elijahshire,Queensland,Australia,24647,"2021-5-4","2021-05-15"
636,Tressa Cunnane,70,Lake Rose,Western Australia,Australia,23528,"2021-4-2","2021-04-07"
736,Tressa Cunnane,70,Lake Rose,Western Australia,Australia,26942,"2021-4-10","2021-05-03"
111,Elizabet Pippin,72,Port Anna,South Australia,Australia,34096,"2021-3-30","2021-04-14"
645,Elizabet Pippin,72,Port Anna,South Australia,Australia,46397,"2021-8-19","2021-09-13"
71,Berri O' Clovan,49,East Hayden,Australian Capital Territory,Australia,20283,"2021-2-14","2021-02-16"
358,Perry McAless,26,New Leah,Queensland,Australia,41343,"2021-4-7","2021-04-12"
517,Rachelle Jelf,32,Marcusshire,Queensland,Australia,37440,"2021-6-23","2021-06-30"
287,Gibbie Beardall,67,South Levi,New South Wales,Australia,10368,"2021-9-9","2021-10-03"
686,Gibbie Beardall,67,South Levi,New South Wales,Australia,47994,"2021-6-14","2021-06-15"
6,Katusha Ceney,49,Daughertyport,Queensland,Australia,16197,"2021-9-9","2021-10-05"
680,Katusha Ceney,49,Daughertyport,Queensland,Australia,43491,"2021-5-4","2021-05-22"
820,Morgana Weymouth,64,Blakeborough,Australian Capital Territory,Australia,33182,"2021-9-25","2021-10-03"
928,Morgana Weymouth,64,Blakeborough,Australian Capital Territory,Australia,42930,"2021-10-14","2021-10-19"
70,Amaleta Beange,72,Imogenmouth,Northern Territory,Australia,11279,"2021-5-15","2021-05-26"
91,Gertrude Harriott,68,Amyton,Australian Capital Territory,Australia,16601,"2021-9-2","2021-09-15"
393,Gertrude Harriott,68,Amyton,Australian Capital Territory,Australia,24994,"2021-5-6","2021-05-27"
101,Dena Banbrick,26,Tylershire,Queensland,Australia,25174,"2021-1-31","2021-02-27"
311,Dena Banbrick,26,Tylershire,Queensland,Australia,21226,"2021-3-7","2021-03-25"
623,Marvin Van Hault,35,Robertstown,Western Australia,Australia,36530,"2021-10-20","2021-10-30"
38,Winn Siemandl,76,South Tyler,Tasmania,Australia,46219,"2021-2-3","2021-02-19"
90,Winn Siemandl,76,South Tyler,Tasmania,Australia,11475,"2021-6-13","2021-07-07"
470,Charles Duffitt,21,South Maxland,Australian Capital Territory,Australia,18707,"2021-9-11","2021-10-04"
262,Else Bicheno,28,Lucyport,Western Australia,Australia,55461,"2021-5-22","2021-05-24"
848,Saul Franklyn,62,Tillmanview,New South Wales,Australia,18195,"2021-9-24","2021-10-14"
940,Saul Franklyn,62,Tillmanview,New South Wales,Australia,11980,"2021-9-11","2021-10-04"
979,Saul Franklyn,62,Tillmanview,New South Wales,Australia,31437,"2021-4-7","2021-04-21"
490,Edithe Yitshak,23,Kaifort,Victoria,Australia,11291,"2021-9-15","2021-09-29"
100,Joella Tiddeman,45,Johnsonstad,Tasmania,Australia,57063,"2021-3-30","2021-04-16"
147,Nathaniel McCandless,59,West Eviebury,Western Australia,Australia,20690,"2021-9-28","2021-10-16"
329,Normy Anlay,26,Alexanderland,Queensland,Australia,58708,"2021-4-30","2021-05-24"
698,Errol Berkley,74,Haleybury,Australian Capital Territory,Australia,40922,"2021-5-19","2021-06-13"
882,Errol Berkley,74,Haleybury,Australian Capital Territory,Australia,53666,"2021-7-5","2021-07-07"
798,Judith Plimmer,46,Thomaschester,Tasmania,Australia,54551,"2021-3-17","2021-04-01"
978,Eryn Harcus,37,Lake Alicefurt,Tasmania,Australia,24589,"2021-4-24","2021-05-18"
143,Tucky Kitchaside,57,East Zacharystad,Queensland,Australia,37187,"2021-2-8","2021-02-11"
158,Tucky Kitchaside,57,East Zacharystad,Queensland,Australia,14010,"2021-7-13","2021-08-04"
273,Tucky Kitchaside,57,East Zacharystad,Queensland,Australia,13233,"2021-10-7","2021-11-03"
237,Marget Kells,39,Baumbachtown,Victoria,Australia,20267,"2021-3-16","2021-04-06"
697,Gertrudis Pergens,46,New Ruby,South Australia,Australia,12310,"2021-7-20","2021-07-28"
981,Gertrudis Pergens,46,New Ruby,South Australia,Australia,37730,"2021-10-2","2021-10-12"
186,Hilliard Papes,27,Jaspermouth,Western Australia,Australia,24061,"2021-9-26","2021-10-14"
321,Hilliard Papes,27,Jaspermouth,Western Australia,Australia,36589,"2021-8-26","2021-08-31"
155,Glenn Keri,61,Port Ellaside,New South Wales,Australia,11166,"2021-6-30","2021-07-18"
508,Glenn Keri,61,Port Ellaside,New South Wales,Australia,42640,"2021-7-17","2021-08-01"
407,Randell Shorte,25,North Lachlanfurt,South Australia,Australia,42595,"2021-1-9","2021-01-20"
642,Randell Shorte,25,North Lachlanfurt,South Australia,Australia,12392,"2021-1-11","2021-01-26"
663,Nixie Fraczak,29,Ryanberg,Queensland,Australia,14469,"2021-4-9","2021-04-10"
392,Ellene Dedam,25,Islamouth,Western Australia,Australia,32036,"2021-1-12","2021-01-25"
577,Ellene Dedam,25,Islamouth,Western Australia,Australia,29313,"2021-2-20","2021-03-12"
649,Ellene Dedam,25,Islamouth,Western Australia,Australia,44955,"2021-7-28","2021-08-16"
340,Rorie Hof,23,Kulasmouth,Western Australia,Australia,56172,"2021-7-17","2021-08-13"
192,Millicent Stedson,70,Port Kiara,Western Australia,Australia,30614,"2021-2-6","2021-02-19"
554,Millicent Stedson,70,Port Kiara,Western Australia,Australia,28264,"2021-5-7","2021-05-26"
59,Sheela Dovey,23,Lake Addisonland,South Australia,Australia,21858,"2021-1-31","2021-02-27"
585,Lorelle Lancastle,63,Alexandraville,South Australia,Australia,19207,"2021-3-20","2021-03-23"
706,Lorelle Lancastle,63,Alexandraville,South Australia,Australia,12902,"2021-7-20","2021-07-21"
102,Isidore Bleasdille,72,Davidtown,Victoria,Australia,41382,"2021-5-7","2021-05-26"
193,Isidore Bleasdille,72,Davidtown,Victoria,Australia,54256,"2021-6-6","2021-06-07"
349,Rowena Soall,61,Zacville,Western Australia,Australia,36910,"2021-4-13","2021-04-29"
44,Gina Pollen,29,Lake Gabrielview,New South Wales,Australia,17071,"2021-9-7","2021-09-22"
685,Worthy Pardoe,71,North Emmashire,Australian Capital Territory,Australia,22299,"2021-8-6","2021-08-21"
9,Lucas Cromly,67,O'connertown,Tasmania,Australia,12896,"2021-5-1","2021-05-11"
323,Lucas Cromly,67,O'connertown,Tasmania,Australia,11437,"2021-3-23","2021-04-13"
727,Lucas Cromly,67,O'connertown,Tasmania,Australia,56021,"2021-5-1","2021-05-18"
459,Brenden Roast,54,Siennabury,New South Wales,Australia,24079,"2021-6-18","2021-07-06"
893,Lisle Worthing,74,Walkertown,Victoria,Australia,49324,"2021-3-6","2021-03-14"
759,Dianemarie Neicho,27,West Joelmouth,Western Australia,Australia,18160,"2021-6-6","2021-07-03"
216,Ondrea Apark,44,North Riley,Victoria,Australia,56745,"2021-4-16","2021-05-04"
818,Ondrea Apark,44,North Riley,Victoria,Australia,16625,"2021-3-15","2021-04-10"
170,Hunfredo Peyto,36,Port Davidburgh,Tasmania,Australia,28597,"2021-8-17","2021-09-03"
770,Berry Rosiello,28,New Charlieville,Western Australia,Australia,22564,"2021-2-6","2021-02-28"
350,Vladimir Jandourek,26,New Jackson,South Australia,Australia,49770,"2021-2-14","2021-03-02"
360,Lorenzo Dutch,49,Lake Ashleyhaven,Queensland,Australia,45309,"2021-8-3","2021-08-08"
906,Lorenzo Dutch,49,Lake Ashleyhaven,Queensland,Australia,40632,"2021-1-21","2021-02-04"
139,Calypso Ellaway,48,Port Joshualand,Western Australia,Australia,11224,"2021-6-15","2021-06-28"
145,Calypso Ellaway,48,Port Joshualand,Western Australia,Australia,26358,"2021-2-2","2021-02-10"
80,Brendis Blackboro,74,West Lukeshire,New South Wales,Australia,59554,"2021-4-26","2021-05-20"
782,Brendis Blackboro,74,West Lukeshire,New South Wales,Australia,28459,"2021-3-7","2021-03-23"
880,Brendis Blackboro,74,West Lukeshire,New South Wales,Australia,43851,"2021-2-19","2021-03-16"
55,Cecilla Pigford,38,Samanthatown,Western Australia,Australia,55650,"2021-4-8","2021-04-25"
640,Cecilla Pigford,38,Samanthatown,Western Australia,Australia,11002,"2021-1-23","2021-01-26"
86,Prissie Kondratovich,65,South Zacmouth,Western Australia,Australia,27045,"2021-8-5","2021-08-11"
317,Glynda Dodshon,20,New Aidenfurt,Northern Territory,Australia,18204,"2021-4-23","2021-04-26"
133,Elianore Syphas,54,Lake William,Victoria,Australia,43759,"2021-7-7","2021-07-17"
259,Elianore Syphas,54,Lake William,Victoria,Australia,47527,"2021-8-16","2021-09-07"
285,Bartel Clemendet,43,Kiehnfurt,South Australia,Australia,41206,"2021-9-25","2021-10-20"
363,Bartel Clemendet,43,Kiehnfurt,South Australia,Australia,57405,"2021-1-25","2021-02-21"
618,Bartel Clemendet,43,Kiehnfurt,South Australia,Australia,28515,"2021-8-1","2021-08-26"
849,Bartel Clemendet,43,Kiehnfurt,South Australia,Australia,21468,"2021-8-11","2021-09-01"
952,Noel Siviour,43,Beahantown,South Australia,Australia,57857,"2021-8-5","2021-08-25"
689,Frederique Hopkins,43,Macdonaldtown,Northern Territory,Australia,12572,"2021-10-3","2021-10-28"
435,Emylee Buscher,69,Thompsonport,Northern Territory,Australia,56764,"2021-2-17","2021-02-22"
637,Emylee Buscher,69,Thompsonport,Northern Territory,Australia,14294,"2021-8-6","2021-08-18"
330,Killie Wigzell,61,South Emilyborough,Victoria,Australia,31700,"2021-3-12","2021-04-08"
676,Kaitlin Jeanes,69,Beahanport,Northern Territory,Australia,52587,"2021-9-24","2021-10-11"
406,Jania Sailes,44,West Annaton,Australian Capital Territory,Australia,35512,"2021-7-25","2021-08-18"
445,Angelle Huby,57,Port Jettshire,Western Australia,Australia,27329,"2021-7-7","2021-07-27"
493,Robena Gilbert,37,Lake Bellahaven,Queensland,Australia,42647,"2021-4-24","2021-05-03"
675,Thoma Seaking,67,Ryanberg,South Australia,Australia,43080,"2021-6-5","2021-06-13"
1000,Thoma Seaking,67,Ryanberg,South Australia,Australia,27836,"2021-4-7","2021-04-24"
590,Jillian Sauven,41,Angelinaport,New South Wales,Australia,27817,"2021-7-6","2021-07-15"
886,Jillian Sauven,41,Angelinaport,New South Wales,Australia,51067,"2021-9-22","2021-10-18"
497,Shelden Tinline,22,East Emily,Tasmania,Australia,29655,"2021-7-7","2021-07-09"
629,Sutherlan Stepto,48,West Dylanport,Tasmania,Australia,36276,"2021-8-7","2021-08-20"
639,Vincent Kiledal,74,Ebertfurt,Australian Capital Territory,Australia,51950,"2021-3-30","2021-04-22"
400,Aindrea Franzetti,43,North Caitlin,South Australia,Australia,44904,"2021-7-2","2021-07-25"
469,Aindrea Franzetti,43,North Caitlin,South Australia,Australia,25333,"2021-4-27","2021-05-04"
656,Aindrea Franzetti,43,North Caitlin,South Australia,Australia,19288,"2021-3-22","2021-03-23"
93,Kakalina Ragge,42,South Alexandraview,Queensland,Australia,52379,"2021-10-22","2021-11-11"
797,Kakalina Ragge,42,South Alexandraview,Queensland,Australia,41715,"2021-7-25","2021-08-06"
813,Kakalina Ragge,42,South Alexandraview,Queensland,Australia,52226,"2021-8-11","2021-09-01"
157,Patin Circuit,62,Langfort,Tasmania,Australia,17955,"2021-4-7","2021-04-17"
242,Patin Circuit,62,Langfort,Tasmania,Australia,12202,"2021-8-25","2021-09-13"
743,Patin Circuit,62,Langfort,Tasmania,Australia,25854,"2021-3-25","2021-03-27"
146,Chancey Iacovozzo,60,West John,Tasmania,Australia,22750,"2021-8-30","2021-09-26"
300,Chancey Iacovozzo,60,West John,Tasmania,Australia,47255,"2021-9-30","2021-10-25"
257,Emmalee Camin,39,South Alexview,South Australia,Australia,43972,"2021-2-12","2021-03-02"
601,Gabriella Nutman,24,West Benjaminberg,Australian Capital Territory,Australia,24064,"2021-6-13","2021-06-28"
418,Tracie Okey,69,Violetstad,Australian Capital Territory,Australia,55376,"2021-8-24","2021-09-15"
994,Curcio Kiffin,72,Rutherfordville,Northern Territory,Australia,59074,"2021-7-15","2021-07-17"
600,Cindi McCague,73,Port Zoeborough,Australian Capital Territory,Australia,19484,"2021-9-15","2021-09-16"
46,Adena Venn,53,Jordanburgh,Victoria,Australia,25378,"2021-6-22","2021-07-04"
555,Adena Venn,53,Jordanburgh,Victoria,Australia,42350,"2021-9-3","2021-09-09"
662,Cherie Fairhead,58,South Ellieburgh,Queensland,Australia,38356,"2021-9-19","2021-09-29"
364,Deirdre Burle,70,Andersonchester,New South Wales,Australia,25525,"2021-3-13","2021-04-03"
484,Vittorio Rosenstengel,68,East Jasper,Northern Territory,Australia,26887,"2021-5-5","2021-05-31"
487,Vittorio Rosenstengel,68,East Jasper,Northern Territory,Australia,21220,"2021-1-9","2021-02-05"
578,Vittorio Rosenstengel,68,East Jasper,Northern Territory,Australia,44312,"2021-5-9","2021-05-12"
82,Joby Law,61,Ryanfurt,Victoria,Australia,32502,"2021-2-2","2021-02-27"
536,Joby Law,61,Ryanfurt,Victoria,Australia,21110,"2021-2-5","2021-02-21"
144,Hughie Trelease,63,Haydentown,Australian Capital Territory,Australia,15762,"2021-5-22","2021-05-28"
766,Reba Crauford,68,Beahanfurt,Northern Territory,Australia,13750,"2021-8-6","2021-08-15"
319,Lenna Beau,36,Port Lillianside,South Australia,Australia,29837,"2021-8-22","2021-09-16"
108,Pen Andrzejczak,30,Lake Oliverberg,New South Wales,Australia,52439,"2021-3-7","2021-03-28"
128,Mart Naismith,77,Huelfort,Australian Capital Territory,Australia,17661,"2021-10-13","2021-11-09"
503,Judy Mesias,70,Schneiderstad,New South Wales,Australia,43249,"2021-8-19","2021-09-05"
868,Judy Mesias,70,Schneiderstad,New South Wales,Australia,43447,"2021-3-31","2021-04-03"
434,Jamesy Rennles,46,Harberview,Tasmania,Australia,42284,"2021-5-11","2021-06-01"
690,Egon Figliovanni,59,Farrellchester,New South Wales,Australia,32100,"2021-10-5","2021-10-26"
135,Lacee Denyukin,45,North Nicholaston,Victoria,Australia,53723,"2021-5-15","2021-06-02"
817,Peri Pilsworth,36,Walterland,Victoria,Australia,35818,"2021-6-27","2021-07-05"
185,Lorilyn Vittet,48,Stantonmouth,Australian Capital Territory,Australia,46608,"2021-4-6","2021-04-20"
838,Raul Crilly,24,South Jasper,Queensland,Australia,56562,"2021-1-2","2021-01-15"
415,Dulsea Collet,74,South Charles,New South Wales,Australia,35686,"2021-7-14","2021-07-19"
513,Eustacia Andreassen,43,Bergefort,Victoria,Australia,49647,"2021-5-24","2021-06-04"
829,Cy Sabbins,66,New Mollystad,Tasmania,Australia,22744,"2021-4-6","2021-04-28"
632,Geri Renton,45,Michaelfurt,Northern Territory,Australia,44405,"2021-4-11","2021-04-17"
872,Timmie Kelshaw,69,Lake Evemouth,South Australia,Australia,43868,"2021-9-26","2021-10-14"
764,Dolph Arrow,57,Lake Owenfurt,Australian Capital Territory,Australia,46239,"2021-9-16","2021-10-04"
684,Camile Haveline,20,New Alexchester,New South Wales,Australia,36919,"2021-10-12","2021-10-17"
830,Camile Haveline,20,New Alexchester,New South Wales,Australia,36830,"2021-3-22","2021-03-23"
843,Camile Haveline,20,New Alexchester,New South Wales,Australia,17717,"2021-7-3","2021-07-09"
14,Felic Marrian,75,Samanthaberg,South Australia,Australia,21270,"2021-3-29","2021-04-12"
927,Albina Disdel,47,West Luke,Northern Territory,Australia,24139,"2021-8-2","2021-08-06"
73,Terri Lunny,75,New Callumtown,Western Australia,Australia,16715,"2021-7-24","2021-08-19"
918,Terri Lunny,75,New Callumtown,Western Australia,Australia,24379,"2021-3-7","2021-04-03"
443,Bunni Poundsford,63,South Heidi,Western Australia,Australia,10043,"2021-3-9","2021-03-27"
485,Ginnie Glasheen,77,West Stella,South Australia,Australia,49699,"2021-1-8","2021-01-28"
771,Delcine Pickthorn,44,Lake Lincoln,Queensland,Australia,33204,"2021-6-6","2021-06-18"
117,Constance Piddington,27,East Chasehaven,Queensland,Australia,58134,"2021-1-8","2021-01-23"
836,Constance Piddington,27,East Chasehaven,Queensland,Australia,16047,"2021-8-18","2021-08-24"
907,Constance Piddington,27,East Chasehaven,Queensland,Australia,26863,"2021-8-15","2021-08-17"
592,Lars Stading,60,West Callumside,Tasmania,Australia,15464,"2021-6-29","2021-07-07"
763,Tally Rubel,66,South Xavierport,South Australia,Australia,30436,"2021-3-18","2021-04-05"
289,Michell Lappine,34,East Sophia,Queensland,Australia,10046,"2021-1-26","2021-02-16"
403,Sharleen Langworthy,35,Isaacberg,South Australia,Australia,17088,"2021-9-16","2021-09-25"
904,Sharleen Langworthy,35,Isaacberg,South Australia,Australia,40117,"2021-3-24","2021-04-07"
374,Darby Aistrop,47,Hannahberg,Australian Capital Territory,Australia,25047,"2021-6-5","2021-06-20"
862,Devin Lindmark,57,North Mackenzieborough,Northern Territory,Australia,43784,"2021-10-11","2021-10-20"
370,Theodosia Postins,38,Turcottetown,Australian Capital Territory,Australia,53990,"2021-1-22","2021-02-11"
525,Theodosia Postins,38,Turcottetown,Australian Capital Territory,Australia,32747,"2021-9-25","2021-10-20"
602,Grady Wipper,70,Thompsonbury,New South Wales,Australia,41932,"2021-2-14","2021-03-07"
858,Grady Wipper,70,Thompsonbury,New South Wales,Australia,48827,"2021-3-16","2021-03-27"
361,Tommie Benoy,35,New Harry,Western Australia,Australia,18831,"2021-2-6","2021-02-25"
438,Sauncho Boosey,53,Stewartland,Australian Capital Territory,Australia,51250,"2021-5-22","2021-05-31"
837,Sauncho Boosey,53,Stewartland,Australian Capital Territory,Australia,16281,"2021-1-12","2021-01-27"
372,Cristina Jowling,30,North Andrew,Tasmania,Australia,51705,"2021-3-14","2021-03-19"
29,Orella Singyard,24,Michaelberg,Victoria,Australia,57645,"2021-3-22","2021-03-28"
299,Vanna Densham,53,Hallshire,Western Australia,Australia,58159,"2021-1-12","2021-02-03"
801,Leandra Derks,63,Hermistonberg,Western Australia,Australia,58829,"2021-8-2","2021-08-17"
169,Elvira Sarfati,59,Lake Danielland,Tasmania,Australia,22089,"2021-3-9","2021-03-12"
233,Elvira Sarfati,59,Lake Danielland,Tasmania,Australia,29939,"2021-9-3","2021-09-19"
286,Rebecka Fabler,32,Kohlerberg,Queensland,Australia,18840,"2021-1-5","2021-01-08"
404,Rebecka Fabler,32,Kohlerberg,Queensland,Australia,45215,"2021-3-3","2021-03-09"
586,Rebecka Fabler,32,Kohlerberg,Queensland,Australia,15870,"2021-2-27","2021-03-22"
773,Rebecka Fabler,32,Kohlerberg,Queensland,Australia,21349,"2021-7-19","2021-08-07"
894,Mandel Fairbanks,71,Lake Audreyborough,Tasmania,Australia,35622,"2021-10-11","2021-10-13"
